Id,MSSubClass,LotFrontage,LotArea,LotShape,LandContour,OverallQual,OverallCond,YearBuilt,YearRemodAdd,MasVnrArea,ExterQual,BsmtQual,BsmtFinType1,BsmtFinSF1,BsmtFinSF2,BsmtUnfSF,TotalBsmtSF,HeatingQC,1stFlrSF,2ndFlrSF,LowQualFinSF,GrLivArea,BsmtFullBath,BsmtHalfBath,FullBath,HalfBath,BedroomAbvGr,KitchenAbvGr,KitchenQual,TotRmsAbvGrd,Fireplaces,GarageYrBlt,GarageFinish,GarageCars,GarageArea,WoodDeckSF,OpenPorchSF,EnclosedPorch,3SsnPorch,ScreenPorch,PoolArea,MiscVal,MoSold,YrSold,C (all),FV,RH,RL,RM,BrkTil,CBlock,PConc,Stone,Wood,1.5Fin,1.5Unf,1Story,2.5Unf,2Story,SFoyer,SLvl,Blmngtn,Blueste,BrDale,BrkSide,ClearCr,CollgCr,Crawfor,Edwards,Gilbert,IDOTRR,MeadowV,Mitchel,NAmes,NPkVill,NWAmes,NoRidge,NridgHt,OldTown,SWISU,Sawyer,SawyerW,Somerst,StoneBr,Timber,Veenker,predicted Price
359,80,92.0,6930,2,0,5,4,1958,1958,120.0,1,1.0,5.0,300,294,468,1062,3.0,1352,0,0,1352,0,1,1,0,3,1,2,6,0,1958.0,0.0,1,288,168,0,294,0,0,0,0,7,2006,0,0,0,1,0,0,1,0,0,0,0,0,0,0,0,0,1,0,0,0,0,1,0,0,0,0,0,0,0,0,0,0,0,0,0,0,0,0,0,0,0,0,
1448,60,80.0,10000,3,0,8,5,1995,1996,438.0,2,2.0,7.0,1079,0,141,1220,3.0,1220,870,0,2090,1,0,2,1,3,1,2,8,1,1995.0,1.0,2,556,0,65,0,0,0,0,0,12,2007,0,0,0,1,0,0,0,1,0,0,0,0,0,0,1,0,0,0,0,0,0,0,1,0,0,0,0,0,0,0,0,0,0,0,0,0,0,0,0,0,0,0,
1079,120,37.0,4435,3,0,6,5,2004,2004,169.0,2,2.0,7.0,662,0,186,848,3.0,848,0,0,848,1,0,1,0,1,1,2,3,1,2004.0,1.0,2,420,140,0,0,0,0,0,0,5,2006,0,0,0,0,1,0,0,1,0,0,0,0,1,0,0,0,0,0,0,0,0,0,1,0,0,0,0,0,0,0,0,0,0,0,0,0,0,0,0,0,0,0,
1051,20,73.0,8993,2,0,7,5,2007,2007,0.0,2,2.0,1.0,0,0,1302,1302,3.0,1302,0,0,1302,0,0,2,0,3,1,2,6,0,2007.0,2.0,2,436,0,22,0,0,0,0,0,8,2007,0,0,0,1,0,0,0,1,0,0,0,0,1,0,0,0,0,0,0,0,0,0,0,0,0,1,0,0,0,0,0,0,0,0,0,0,0,0,0,0,0,0,
239,20,93.0,12030,3,0,8,5,2007,2007,254.0,3,3.0,1.0,0,0,1694,1694,3.0,1694,0,0,1694,0,0,2,0,3,1,2,7,0,2007.0,2.0,3,818,168,228,0,0,0,0,0,12,2007,0,0,0,1,0,0,0,1,0,0,0,0,1,0,0,0,0,0,0,0,0,0,0,0,0,0,0,0,0,0,0,0,0,1,0,0,0,0,0,0,0,0,
791,120,43.0,3182,3,0,7,5,2005,2006,11.0,2,2.0,7.0,16,0,1129,1145,3.0,1145,0,0,1145,0,0,2,0,2,1,2,5,1,2005.0,2.0,2,397,100,16,0,0,0,0,0,9,2009,0,0,0,1,0,0,0,1,0,0,0,0,1,0,0,0,0,1,0,0,0,0,0,0,0,0,0,0,0,0,0,0,0,0,0,0,0,0,0,0,0,0,
1145,190,60.0,12180,3,0,4,4,1941,1950,0.0,1,2.0,5.0,348,0,324,672,0.0,672,252,0,924,1,0,1,0,2,1,0,5,0,1941.0,0.0,1,280,0,0,0,0,0,0,0,7,2010,0,0,0,1,0,1,0,0,0,0,1,0,0,0,0,0,0,0,0,0,0,0,0,0,1,0,0,0,0,0,0,0,0,0,0,0,0,0,0,0,0,0,
664,85,90.0,10012,3,0,4,5,1972,1972,0.0,1,2.0,5.0,920,180,38,1138,1.0,1181,0,0,1181,1,0,2,0,3,1,1,6,0,1974.0,1.0,2,588,0,0,180,0,0,0,0,4,2008,0,0,0,1,0,0,1,0,0,0,0,0,0,0,0,1,0,0,0,0,0,0,0,0,1,0,0,0,0,0,0,0,0,0,0,0,0,0,0,0,0,0,
1090,120,37.0,3316,2,0,8,5,2005,2005,0.0,2,2.0,7.0,1039,0,208,1247,3.0,1247,0,0,1247,1,0,1,1,1,1,2,4,1,2005.0,2.0,2,550,0,84,0,0,0,0,0,4,2006,0,1,0,0,0,0,0,1,0,0,0,0,1,0,0,0,0,0,0,0,0,0,0,0,0,0,0,0,0,0,0,0,0,0,0,0,0,0,1,0,0,0,
76,180,21.0,1596,3,0,4,5,1973,1973,0.0,1,2.0,7.0,462,0,0,462,1.0,526,462,0,988,1,0,1,0,2,1,1,5,0,1973.0,0.0,1,297,120,101,0,0,0,0,0,11,2009,0,0,0,0,1,0,1,0,0,0,0,0,0,0,0,0,1,0,0,0,0,0,0,0,0,0,0,1,0,0,0,0,0,0,0,0,0,0,0,0,0,0,328957.56
887,90,70.0,8393,3,0,5,5,1959,2005,122.0,1,1.0,2.0,528,0,1098,1626,3.0,1712,0,0,1712,0,0,2,0,4,2,1,8,0,2005.0,2.0,2,588,272,54,0,0,0,0,0,6,2006,0,0,0,1,0,0,1,0,0,0,0,0,1,0,0,0,0,0,0,0,0,0,0,0,0,0,0,0,0,1,0,0,0,0,0,0,0,0,0,0,0,0,
910,60,149.0,12589,1,0,6,5,2005,2005,0.0,2,2.0,1.0,0,0,742,742,3.0,742,742,0,1484,0,0,2,1,3,1,2,8,1,2005.0,2.0,2,390,36,24,0,0,0,0,0,6,2009,0,0,0,1,0,0,0,1,0,0,0,0,0,0,1,0,0,0,0,0,0,0,0,0,0,1,0,0,0,0,0,0,0,0,0,0,0,0,0,0,0,0,
736,75,60.0,10800,3,0,7,7,1914,1970,0.0,1,2.0,4.0,390,0,490,880,0.0,880,888,0,1768,0,0,1,1,2,1,1,6,2,1914.0,0.0,2,320,0,341,0,0,0,0,0,10,2006,0,0,0,0,1,1,0,0,0,0,0,0,0,1,0,0,0,0,0,0,0,0,0,0,0,0,0,0,0,0,0,0,0,0,1,0,0,0,0,0,0,0,
644,60,80.0,10793,3,0,5,5,1969,1969,263.0,1,1.0,4.0,493,287,0,780,3.0,780,840,0,1620,0,0,2,1,4,1,1,7,0,1969.0,2.0,2,462,208,0,0,0,0,0,0,4,2007,0,0,0,1,0,0,1,0,0,0,0,0,0,0,1,0,0,0,0,0,0,0,0,0,0,0,0,0,0,0,0,1,0,0,0,0,0,0,0,0,0,0,
379,20,88.0,11394,3,0,9,2,2010,2010,350.0,2,3.0,7.0,1445,0,411,1856,3.0,1856,0,0,1856,1,0,1,1,1,1,3,8,1,2010.0,2.0,3,834,113,0,0,0,0,0,0,6,2010,0,0,0,1,0,0,0,1,0,0,0,0,1,0,0,0,0,0,0,0,0,0,0,0,0,0,0,0,0,0,0,0,0,0,0,0,0,0,0,1,0,0,
991,60,82.0,9452,3,0,8,5,1997,1998,423.0,2,2.0,7.0,1074,0,322,1396,3.0,1407,985,0,2392,1,0,2,1,3,1,2,7,1,1997.0,2.0,3,870,0,70,0,0,0,0,0,6,2006,0,0,0,1,0,0,0,1,0,0,0,0,0,0,1,0,0,0,0,0,0,0,0,0,0,0,0,0,0,0,0,0,1,0,0,0,0,0,0,0,0,0,
1443,60,85.0,11003,3,0,10,5,2008,2008,160.0,3,3.0,7.0,765,0,252,1017,3.0,1026,981,0,2007,1,0,2,1,3,1,3,10,1,2008.0,2.0,3,812,168,52,0,0,0,0,0,4,2009,0,1,0,0,0,0,0,1,0,0,0,0,0,0,1,0,0,0,0,0,0,0,0,0,0,0,0,0,0,0,0,0,0,0,0,0,0,0,1,0,0,0,
418,70,86.0,22420,2,0,6,6,1918,1950,0.0,1,2.0,5.0,1128,0,242,1370,1.0,1370,1254,0,2624,1,0,2,1,4,1,1,10,1,1918.0,0.0,3,864,0,0,0,0,0,0,0,11,2007,0,0,0,1,0,1,0,0,0,0,0,0,0,0,1,0,0,0,0,0,0,0,0,1,0,0,0,0,0,0,0,0,0,0,0,0,0,0,0,0,0,0,
902,20,64.0,8712,2,0,5,7,1957,2000,0.0,1,1.0,5.0,860,0,132,992,1.0,1306,0,0,1306,1,0,1,0,2,1,1,5,0,1968.0,0.0,1,756,0,0,0,0,0,0,0,5,2009,0,0,0,1,0,0,1,0,0,0,0,0,1,0,0,0,0,0,0,0,0,0,0,0,0,0,0,0,0,1,0,0,0,0,0,0,0,0,0,0,0,0,
1241,60,65.0,8158,3,0,7,5,2003,2003,252.0,2,2.0,7.0,550,0,334,884,3.0,884,884,0,1768,1,0,2,1,3,1,2,8,0,2003.0,1.0,2,543,0,63,0,0,0,0,0,7,2008,0,0,0,1,0,0,0,1,0,0,0,0,0,0,1,0,0,0,0,0,0,0,1,0,0,0,0,0,0,0,0,0,0,0,0,0,0,0,0,0,0,0,
106,60,75.0,9375,3,0,8,5,2003,2004,768.0,2,3.0,1.0,0,0,1053,1053,3.0,1053,939,0,1992,0,0,2,1,3,1,2,9,1,2003.0,1.0,2,648,140,45,0,0,0,0,0,8,2008,0,1,0,0,0,0,0,1,0,0,0,0,0,0,1,0,0,0,0,0,0,0,0,0,0,0,0,0,0,0,0,0,0,0,0,0,0,0,1,0,0,0,93625.62
1404,20,49.0,15256,2,0,8,5,2007,2007,84.0,2,2.0,7.0,929,0,556,1485,3.0,1464,0,0,1464,1,0,2,0,3,1,2,6,0,2007.0,0.0,3,754,168,160,0,0,0,0,0,8,2007,0,0,0,1,0,0,0,1,0,0,0,0,1,0,0,0,0,0,0,0,0,0,0,0,0,0,0,0,0,0,0,0,0,0,0,0,0,0,1,0,0,0,
582,20,98.0,12704,3,0,8,5,2008,2009,306.0,3,3.0,1.0,0,0,2042,2042,3.0,2042,0,0,2042,0,0,2,1,3,1,3,8,1,2009.0,1.0,3,1390,0,90,0,0,0,0,0,8,2009,0,0,0,1,0,0,0,1,0,0,0,0,1,0,0,0,0,0,0,0,0,0,0,0,0,0,0,0,0,0,0,0,0,1,0,0,0,0,0,0,0,0,
704,190,76.0,7630,3,0,5,9,1900,1996,0.0,1,2.0,1.0,0,0,360,360,2.0,1032,780,0,1812,0,0,2,0,4,2,2,8,1,1999.0,0.0,2,672,344,0,40,0,0,0,0,5,2010,0,0,0,0,1,1,0,0,0,0,0,0,0,0,1,0,0,0,0,0,0,0,0,0,0,0,0,0,0,0,0,0,0,0,1,0,0,0,0,0,0,0,
648,20,85.0,10452,2,0,6,5,1953,1953,216.0,1,1.0,4.0,500,0,594,1094,3.0,1094,0,0,1094,0,0,1,0,3,1,1,5,2,1953.0,1.0,2,495,0,0,0,0,287,0,0,6,2008,0,0,0,1,0,0,1,0,0,0,0,0,1,0,0,0,0,0,0,0,0,0,0,0,1,0,0,0,0,0,0,0,0,0,0,0,0,0,0,0,0,0,
569,50,79.0,12327,2,-1,8,8,1983,2009,0.0,2,2.0,7.0,1441,0,55,1496,3.0,1496,636,0,2132,1,0,1,1,1,1,2,5,1,1983.0,2.0,2,612,349,40,0,0,0,0,0,9,2009,0,0,0,1,0,0,1,0,0,0,1,0,0,0,0,0,0,0,0,0,0,0,0,0,0,0,0,0,0,0,0,0,0,0,0,0,0,1,0,0,0,0,
1061,120,41.0,4920,3,0,8,5,2001,2001,0.0,2,2.0,7.0,616,0,722,1338,3.0,1338,0,0,1338,1,0,2,0,2,1,2,6,0,2001.0,2.0,2,582,0,0,170,0,0,0,0,4,2010,0,0,0,1,0,0,0,1,0,0,0,0,1,0,0,0,0,0,0,0,0,0,0,0,0,0,0,0,0,0,0,0,0,0,0,0,0,0,0,1,0,0,
681,120,50.0,8012,3,0,6,5,1980,1980,0.0,1,2.0,5.0,543,119,261,923,1.0,923,0,0,923,0,0,2,0,2,1,1,5,1,1980.0,1.0,1,264,80,0,0,0,0,0,0,5,2010,0,0,0,1,0,0,1,0,0,0,0,0,1,0,0,0,0,0,0,0,0,0,0,0,0,0,0,0,0,0,0,0,0,0,0,0,0,1,0,0,0,0,
70,50,81.0,15593,3,0,7,4,1953,1953,0.0,2,1.0,5.0,603,0,701,1304,1.0,1304,983,0,2287,0,0,2,0,3,1,1,7,1,1953.0,2.0,2,667,0,21,114,0,0,0,0,7,2006,0,0,0,1,0,0,1,0,0,0,1,0,0,0,0,0,0,0,0,0,0,1,0,0,0,0,0,0,0,0,0,0,0,0,0,0,0,0,0,0,0,0,199930.84
1118,20,57.0,9764,2,0,5,7,1967,2003,0.0,1,1.0,5.0,702,0,192,894,3.0,894,0,0,894,1,0,1,0,3,1,2,5,0,1967.0,1.0,2,450,0,0,0,0,0,0,0,5,2008,0,0,0,1,0,0,1,0,0,0,0,0,1,0,0,0,0,0,0,0,0,0,0,0,0,0,0,0,0,0,0,0,0,0,0,0,1,0,0,0,0,0,
316,60,71.0,7795,2,0,7,5,2004,2005,0.0,2,2.0,7.0,425,0,291,716,3.0,716,716,0,1432,1,0,2,1,3,1,2,6,1,2004.0,2.0,2,432,100,51,0,0,0,0,0,7,2009,0,0,0,1,0,0,0,1,0,0,0,0,0,0,1,0,0,0,0,0,0,0,0,0,0,1,0,0,0,0,0,0,0,0,0,0,0,0,0,0,0,0,
1043,120,34.0,5381,2,0,6,5,2005,2005,135.0,2,2.0,6.0,900,0,406,1306,3.0,1306,0,0,1306,1,0,2,0,1,1,2,5,1,2005.0,1.0,2,624,170,63,0,0,0,0,0,8,2009,0,0,0,1,0,0,0,1,0,0,0,0,1,0,0,0,0,0,0,0,0,0,0,0,0,0,0,0,0,0,0,0,0,1,0,0,0,0,0,0,0,0,
1088,60,85.0,10574,3,0,8,5,2005,2006,0.0,2,2.0,1.0,0,0,1082,1082,3.0,1082,871,0,1953,0,0,2,1,3,1,2,9,1,2005.0,1.0,3,1043,160,50,0,0,0,0,0,5,2009,0,1,0,0,0,0,0,1,0,0,0,0,0,0,1,0,0,0,0,0,0,0,0,0,0,0,0,0,0,0,0,0,0,0,0,0,0,0,1,0,0,0,
1023,50,52.0,9439,3,0,5,5,1930,1950,0.0,1,1.0,2.0,324,0,588,912,2.0,912,336,0,1248,0,0,1,0,2,1,1,6,0,1957.0,0.0,1,160,0,0,192,0,0,0,0,3,2007,0,0,0,0,1,0,1,0,0,0,1,0,0,0,0,0,0,0,0,0,0,0,0,0,0,0,0,0,0,0,0,0,0,0,1,0,0,0,0,0,0,0,
868,20,85.0,6970,3,0,4,5,1961,1961,0.0,1,1.0,6.0,932,0,108,1040,1.0,1120,0,0,1120,1,0,1,1,3,1,0,5,0,1961.0,1.0,2,544,168,0,0,0,0,0,400,5,2007,0,0,0,1,0,0,1,0,0,0,0,0,1,0,0,0,0,0,0,0,0,0,0,0,0,0,0,0,0,0,0,0,0,0,0,0,1,0,0,0,0,0,
469,20,98.0,11428,2,0,8,5,2006,2006,248.0,2,2.0,1.0,0,0,1626,1626,3.0,1634,0,0,1634,0,0,2,0,3,1,2,7,1,2006.0,1.0,3,866,0,44,0,0,0,0,0,5,2007,0,0,0,1,0,0,0,1,0,0,0,0,1,0,0,0,0,0,0,0,0,0,0,0,0,0,0,0,0,0,0,0,0,1,0,0,0,0,0,0,0,0,
1210,20,85.0,10182,2,0,8,5,2006,2006,420.0,2,3.0,7.0,1220,0,440,1660,3.0,1660,0,0,1660,1,0,2,0,3,1,2,8,1,2006.0,1.0,2,500,322,50,0,0,0,0,0,5,2006,0,0,0,1,0,0,0,1,0,0,0,0,1,0,0,0,0,0,0,0,0,0,0,0,0,0,0,0,0,0,0,0,0,0,0,0,0,0,1,0,0,0,
34,20,70.0,10552,2,0,5,5,1959,1959,0.0,1,1.0,4.0,1018,0,380,1398,2.0,1700,0,0,1700,0,1,1,1,4,1,2,6,1,1959.0,1.0,2,447,0,38,0,0,0,0,0,4,2010,0,0,0,1,0,0,1,0,0,0,0,0,1,0,0,0,0,0,0,0,0,0,0,0,0,0,0,0,0,1,0,0,0,0,0,0,0,0,0,0,0,0,110784.0
1208,20,70.0,9135,3,0,6,5,2003,2003,120.0,2,2.0,7.0,340,0,1342,1682,3.0,1700,0,0,1700,1,0,2,0,3,1,2,7,0,2003.0,1.0,2,544,192,23,0,0,0,0,0,5,2006,0,0,0,1,0,0,0,1,0,0,0,0,1,0,0,0,0,0,0,0,0,0,1,0,0,0,0,0,0,0,0,0,0,0,0,0,0,0,0,0,0,0,
355,50,60.0,8400,3,1,6,5,1940,2000,0.0,1,1.0,2.0,388,0,552,940,3.0,1192,403,0,1595,0,0,1,0,2,1,1,6,2,1940.0,0.0,1,240,0,0,108,0,0,0,0,6,2006,0,0,0,1,0,0,1,0,0,0,1,0,0,0,0,0,0,0,0,0,0,0,0,0,0,0,0,0,0,0,0,0,0,0,0,1,0,0,0,0,0,0,
462,70,60.0,7200,3,0,7,9,1936,2007,0.0,2,2.0,6.0,350,210,0,560,3.0,575,560,0,1135,1,0,1,0,3,1,2,6,0,1971.0,1.0,2,576,256,0,0,0,0,0,0,4,2009,0,0,0,1,0,0,0,1,0,0,0,0,0,0,1,0,0,0,0,0,0,0,0,0,0,0,0,0,0,0,0,0,0,0,0,1,0,0,0,0,0,0,
1013,70,55.0,10592,3,0,6,7,1923,1996,0.0,1,1.0,1.0,0,0,602,602,1.0,900,602,0,1502,0,0,1,1,3,1,2,7,2,1923.0,0.0,1,180,96,0,112,0,53,0,0,8,2007,0,0,0,1,0,0,0,1,0,0,0,0,0,0,1,0,0,0,0,0,0,0,0,1,0,0,0,0,0,0,0,0,0,0,0,0,0,0,0,0,0,0,
1409,70,60.0,7740,3,0,4,7,1910,1950,0.0,1,0.0,1.0,0,0,622,622,2.0,741,622,0,1363,0,0,1,0,3,1,1,6,0,1966.0,0.0,2,528,0,0,0,0,168,0,0,6,2010,0,0,0,0,1,0,1,0,0,0,0,0,0,0,1,0,0,0,0,0,0,0,0,0,0,0,0,0,0,0,0,0,0,0,1,0,0,0,0,0,0,0,
749,20,59.0,10593,2,0,7,5,1996,1996,338.0,2,2.0,7.0,919,0,801,1720,3.0,1720,0,0,1720,1,0,2,0,3,1,2,7,1,1996.0,2.0,2,527,240,56,154,0,0,0,0,3,2010,0,0,0,1,0,0,0,1,0,0,0,0,1,0,0,0,0,0,0,0,0,0,0,0,0,0,0,0,0,0,0,0,1,0,0,0,0,0,0,0,0,0,
62,75,60.0,7200,3,0,5,7,1920,1996,0.0,1,1.0,1.0,0,0,530,530,1.0,581,530,0,1111,0,0,1,0,3,1,0,6,0,1935.0,0.0,1,288,0,0,144,0,0,0,0,3,2007,0,0,0,0,1,1,0,0,0,0,0,0,0,1,0,0,0,0,0,0,0,0,0,0,0,0,1,0,0,0,0,0,0,0,0,0,0,0,0,0,0,0,121556.58
1459,20,68.0,9717,3,0,5,6,1950,1996,0.0,1,1.0,7.0,49,1029,0,1078,2.0,1078,0,0,1078,1,0,1,0,2,1,2,5,0,1950.0,0.0,1,240,366,0,112,0,0,0,0,4,2010,0,0,0,1,0,0,1,0,0,0,0,0,1,0,0,0,0,0,0,0,0,0,0,0,0,0,0,0,0,1,0,0,0,0,0,0,0,0,0,0,0,0,
616,85,80.0,8800,3,0,6,7,1963,1963,156.0,1,1.0,7.0,763,0,173,936,3.0,1054,0,0,1054,1,0,1,0,3,1,2,6,0,1963.0,1.0,2,480,120,0,0,0,0,0,0,5,2010,0,0,0,1,0,0,0,1,0,0,0,0,0,0,0,1,0,0,0,0,0,0,0,0,0,0,0,0,0,1,0,0,0,0,0,0,0,0,0,0,0,0,
1377,30,52.0,6292,3,1,6,5,1930,1950,0.0,1,2.0,4.0,384,0,384,768,1.0,790,0,0,790,0,0,1,0,2,1,1,4,0,1925.0,0.0,1,160,0,141,0,0,0,0,0,4,2008,0,0,0,1,0,1,0,0,0,0,0,0,1,0,0,0,0,0,0,0,0,0,0,0,0,0,0,0,0,0,0,0,0,0,0,1,0,0,0,0,0,0,
423,20,100.0,21750,3,2,5,5,1954,1954,0.0,1,1.0,1.0,0,0,988,988,3.0,988,0,0,988,0,0,1,0,2,1,1,4,0,1954.0,1.0,2,520,0,0,0,0,0,0,0,2,2008,0,0,0,1,0,0,1,0,0,0,0,0,1,0,0,0,0,0,0,0,0,0,0,0,0,0,0,0,1,0,0,0,0,0,0,0,0,0,0,0,0,0,
1096,20,78.0,9317,2,0,6,5,2006,2006,0.0,2,2.0,7.0,24,0,1290,1314,2.0,1314,0,0,1314,0,0,2,0,3,1,2,6,1,2006.0,1.0,2,440,0,22,0,0,0,0,0,3,2007,0,0,0,1,0,0,0,1,0,0,0,0,1,0,0,0,0,0,0,0,0,0,1,0,0,0,0,0,0,0,0,0,0,0,0,0,0,0,0,0,0,0,
53,90,110.0,8472,1,1,5,5,1963,1963,0.0,0,2.0,2.0,104,712,0,816,1.0,816,0,0,816,1,0,1,0,2,1,1,5,0,1963.0,0.0,2,516,106,0,0,0,0,0,0,5,2010,0,0,0,0,1,0,1,0,0,0,0,0,1,0,0,0,0,0,0,0,0,0,0,0,0,0,1,0,0,0,0,0,0,0,0,0,0,0,0,0,0,0,162734.8
237,20,65.0,8773,3,0,7,5,2004,2004,98.0,2,2.0,7.0,24,0,1390,1414,3.0,1414,0,0,1414,0,0,2,0,3,1,2,6,0,2004.0,1.0,2,494,132,105,0,0,0,0,0,5,2010,0,0,0,1,0,0,0,1,0,0,0,0,1,0,0,0,0,0,0,0,0,0,1,0,0,0,0,0,0,0,0,0,0,0,0,0,0,0,0,0,0,0,
716,20,78.0,10140,3,0,6,5,1974,1974,174.0,1,2.0,1.0,0,0,1064,1064,1.0,1350,0,0,1350,0,0,2,0,3,1,1,7,1,1974.0,1.0,2,478,0,0,0,0,0,0,0,8,2009,0,0,0,1,0,0,1,0,0,0,0,0,1,0,0,0,0,0,0,0,0,0,0,0,0,0,0,0,0,0,0,1,0,0,0,0,0,0,0,0,0,0,
714,190,60.0,9873,3,0,4,5,1970,1970,160.0,1,1.0,6.0,789,0,171,960,1.0,960,0,0,960,1,0,1,0,3,1,1,6,0,1970.0,0.0,2,576,0,288,0,0,0,0,0,5,2006,0,0,0,1,0,0,1,0,0,0,0,0,1,0,0,0,0,0,0,0,1,0,0,0,0,0,0,0,0,0,0,0,0,0,0,0,0,0,0,0,0,0,
267,60,70.0,11207,2,2,6,5,1997,1997,0.0,1,2.0,7.0,714,0,88,802,2.0,802,709,0,1511,1,0,2,1,3,1,1,8,1,1997.0,2.0,2,413,95,75,0,0,0,0,0,6,2006,0,0,0,1,0,0,0,1,0,0,0,0,0,0,1,0,0,0,0,0,0,0,0,0,0,1,0,0,0,0,0,0,0,0,0,0,0,0,0,0,0,0,
1084,20,80.0,8800,3,0,6,6,1964,1964,425.0,1,1.0,5.0,553,0,698,1251,1.0,1251,0,0,1251,1,0,1,0,3,1,1,6,2,1964.0,1.0,1,461,0,116,0,0,0,0,700,3,2006,0,0,0,1,0,0,1,0,0,0,0,0,1,0,0,0,0,0,0,0,0,0,0,0,0,0,0,0,0,1,0,0,0,0,0,0,0,0,0,0,0,0,
1331,20,85.0,10000,3,0,8,5,2006,2006,410.0,2,2.0,1.0,0,0,1588,1588,3.0,1588,0,0,1588,0,0,2,0,3,1,2,7,1,2006.0,1.0,3,825,144,45,0,0,0,0,0,12,2007,0,0,0,1,0,0,0,1,0,0,0,0,1,0,0,0,0,0,0,0,0,0,0,0,0,0,0,0,0,0,0,0,0,0,0,0,0,0,1,0,0,0,
548,85,54.0,7244,3,0,5,7,1970,1970,0.0,1,2.0,6.0,619,0,149,768,3.0,768,0,0,768,1,0,1,0,2,1,1,5,0,1987.0,0.0,2,624,104,0,0,0,0,0,0,4,2007,0,0,0,1,0,0,1,0,0,0,0,0,0,0,0,1,0,0,0,0,0,0,0,0,0,0,0,0,1,0,0,0,0,0,0,0,0,0,0,0,0,0,
800,50,60.0,7200,3,0,5,7,1937,1950,252.0,1,2.0,6.0,569,0,162,731,3.0,981,787,0,1768,1,0,1,1,3,1,2,7,2,1939.0,0.0,1,240,0,0,264,0,0,0,0,6,2007,0,0,0,1,0,1,0,0,0,0,1,0,0,0,0,0,0,0,0,0,0,0,0,0,0,0,0,0,0,0,0,0,0,0,0,1,0,0,0,0,0,0,
503,20,70.0,9170,3,0,5,7,1965,1965,0.0,1,1.0,6.0,698,96,420,1214,3.0,1214,0,0,1214,1,0,1,0,2,1,1,6,0,1965.0,0.0,2,461,0,0,184,0,0,0,400,4,2007,0,0,0,1,0,0,1,0,0,0,0,0,1,0,0,0,0,0,0,0,0,0,0,0,1,0,0,0,0,0,0,0,0,0,0,0,0,0,0,0,0,0,
552,20,50.0,6000,3,0,5,6,1957,1957,0.0,1,1.0,4.0,308,0,620,928,2.0,928,0,0,928,0,0,1,0,3,1,1,5,0,1957.0,2.0,1,288,0,0,0,0,0,0,0,6,2008,0,0,0,0,1,0,1,0,0,0,0,0,1,0,0,0,0,0,0,0,0,0,0,0,0,0,0,0,0,0,0,0,0,0,1,0,0,0,0,0,0,0,
723,20,70.0,8120,3,0,4,7,1970,1970,0.0,1,1.0,6.0,191,0,673,864,3.0,864,0,0,864,0,0,1,0,3,1,1,5,0,1994.0,0.0,2,463,0,0,0,0,0,0,0,7,2009,0,0,0,1,0,0,1,0,0,0,0,0,1,0,0,0,0,0,0,0,0,0,0,0,0,0,0,0,0,1,0,0,0,0,0,0,0,0,0,0,0,0,
290,70,60.0,8730,3,0,6,7,1915,2003,0.0,1,1.0,1.0,0,0,698,698,3.0,698,698,0,1396,0,0,1,0,3,1,1,7,0,2003.0,0.0,1,384,0,0,0,0,259,0,0,7,2007,0,0,0,1,0,1,0,0,0,0,0,0,0,0,1,0,0,0,0,0,1,0,0,0,0,0,0,0,0,0,0,0,0,0,0,0,0,0,0,0,0,0,
572,20,60.0,7332,3,0,6,6,1959,1959,207.0,1,1.0,5.0,414,0,450,864,3.0,864,0,0,864,1,0,1,0,2,1,2,4,0,1959.0,0.0,1,288,168,0,0,0,0,0,0,10,2006,0,0,0,1,0,0,1,0,0,0,0,0,1,0,0,0,0,0,0,0,0,0,0,0,0,0,0,0,0,1,0,0,0,0,0,0,0,0,0,0,0,0,
1121,30,59.0,8263,3,1,6,5,1920,1950,0.0,1,1.0,1.0,0,0,1012,1012,1.0,1012,0,0,1012,0,0,1,0,2,1,1,6,1,1920.0,0.0,1,308,0,22,112,0,0,0,0,5,2007,0,0,0,0,1,1,0,0,0,0,0,0,1,0,0,0,0,0,0,0,0,0,0,0,0,0,1,0,0,0,0,0,0,0,0,0,0,0,0,0,0,0,
416,20,73.0,8899,2,0,7,5,2007,2007,0.0,2,2.0,7.0,24,0,1316,1340,3.0,1340,0,0,1340,0,0,2,0,3,1,2,6,0,2007.0,2.0,2,396,100,30,0,0,0,0,0,8,2007,0,0,0,1,0,0,0,1,0,0,0,0,1,0,0,0,0,0,0,0,0,0,0,0,0,1,0,0,0,0,0,0,0,0,0,0,0,0,0,0,0,0,
819,80,80.0,8816,3,0,6,7,1971,1971,80.0,1,1.0,7.0,504,0,506,1010,2.0,1052,0,0,1052,1,0,1,0,3,1,1,6,0,1971.0,0.0,2,440,0,0,0,0,0,0,0,6,2010,0,0,0,1,0,0,1,0,0,0,0,0,0,0,0,0,1,0,0,0,0,1,0,0,0,0,0,0,0,0,0,0,0,0,0,0,0,0,0,0,0,0,
908,50,86.0,11500,2,0,7,7,1936,1987,0.0,2,2.0,4.0,223,0,794,1017,2.0,1020,1037,0,2057,0,0,1,1,3,1,2,6,1,1936.0,2.0,1,180,0,0,0,0,322,0,0,6,2006,0,0,0,1,0,0,1,0,0,0,1,0,0,0,0,0,0,0,0,0,0,0,0,1,0,0,0,0,0,0,0,0,0,0,0,0,0,0,0,0,0,0,
537,60,57.0,8924,2,0,7,5,1998,1999,0.0,1,2.0,1.0,0,0,880,880,3.0,880,844,0,1724,0,0,2,1,3,1,2,8,0,1998.0,2.0,2,527,120,155,0,0,0,0,0,7,2008,0,0,0,1,0,0,0,1,0,0,0,0,0,0,1,0,0,0,0,0,0,0,1,0,0,0,0,0,0,0,0,0,0,0,0,0,0,0,0,0,0,0,
334,120,59.0,8198,3,0,7,5,2004,2004,146.0,2,2.0,7.0,720,0,638,1358,3.0,1358,0,0,1358,1,0,2,0,2,1,2,6,1,2004.0,1.0,2,484,192,30,0,0,0,0,0,7,2008,0,0,0,0,1,0,0,1,0,0,0,0,1,0,0,0,0,0,0,0,0,0,0,0,0,0,0,0,0,0,0,0,0,1,0,0,0,0,0,0,0,0,
541,20,85.0,14601,3,0,9,5,2006,2006,584.0,3,3.0,7.0,1260,0,578,1838,3.0,1838,0,0,1838,1,0,2,0,2,1,3,8,1,2006.0,2.0,3,765,270,68,0,0,0,0,0,3,2009,0,0,0,1,0,0,0,1,0,0,0,0,1,0,0,0,0,0,0,0,0,0,0,0,0,0,0,0,0,0,0,0,0,0,0,0,0,0,0,0,1,0,
441,20,105.0,15431,3,0,10,5,2008,2008,200.0,3,3.0,7.0,1767,539,788,3094,3.0,2402,0,0,2402,1,0,2,0,2,1,3,10,2,2008.0,2.0,3,672,0,72,0,0,170,0,0,4,2009,0,0,0,1,0,0,0,1,0,0,0,0,1,0,0,0,0,0,0,0,0,0,0,0,0,0,0,0,0,0,0,0,0,1,0,0,0,0,0,0,0,0,
30,30,60.0,6324,2,0,4,6,1927,1950,0.0,1,1.0,1.0,0,0,520,520,0.0,520,0,0,520,0,0,1,0,1,1,0,4,0,1920.0,0.0,1,240,49,0,87,0,0,0,0,5,2008,0,0,0,0,1,1,0,0,0,0,0,0,1,0,0,0,0,0,0,0,1,0,0,0,0,0,0,0,0,0,0,0,0,0,0,0,0,0,0,0,0,0,132642.0
610,20,61.0,7943,3,0,4,5,1961,1961,192.0,1,1.0,4.0,903,0,126,1029,2.0,1029,0,0,1029,1,0,1,0,3,1,1,5,0,1961.0,0.0,1,261,64,0,39,0,0,0,0,4,2007,0,0,0,1,0,0,1,0,0,0,0,0,1,0,0,0,0,0,0,0,0,0,0,0,0,0,0,0,0,0,0,0,0,0,0,0,1,0,0,0,0,0,
1179,50,54.0,7681,2,0,5,6,1921,1950,0.0,1,1.0,1.0,0,0,731,731,3.0,820,523,0,1343,0,0,1,1,3,1,1,7,1,1921.0,0.0,1,186,192,0,102,0,0,0,0,7,2009,0,0,0,1,0,1,0,0,0,0,1,0,0,0,0,0,0,0,0,0,0,0,0,1,0,0,0,0,0,0,0,0,0,0,0,0,0,0,0,0,0,0,
310,20,90.0,12378,2,0,9,5,2003,2004,0.0,2,3.0,7.0,1274,0,622,1896,3.0,1944,0,0,1944,1,0,2,0,3,1,3,8,3,2003.0,2.0,3,708,208,175,0,0,0,0,0,11,2006,0,0,0,1,0,0,0,1,0,0,0,0,1,0,0,0,0,0,0,0,0,0,0,0,0,0,0,0,0,0,0,0,0,1,0,0,0,0,0,0,0,0,
1062,30,120.0,18000,3,-1,3,4,1935,1950,0.0,0,1.0,1.0,0,0,894,894,1.0,894,0,0,894,0,0,1,0,2,1,1,6,0,1994.0,1.0,3,1248,0,20,0,0,0,0,560,8,2008,1,0,0,0,0,0,1,0,0,0,0,0,1,0,0,0,0,0,0,0,0,0,0,0,0,0,1,0,0,0,0,0,0,0,0,0,0,0,0,0,0,0,
72,20,69.0,7599,3,0,4,6,1982,2006,0.0,1,1.0,6.0,565,0,280,845,1.0,845,0,0,845,1,0,1,0,2,1,1,4,0,1987.0,0.0,2,360,0,0,0,0,0,0,0,6,2007,0,0,0,1,0,0,1,0,0,0,0,0,1,0,0,0,0,0,0,0,0,0,0,0,0,0,0,0,1,0,0,0,0,0,0,0,0,0,0,0,0,0,427645.02
275,20,76.0,8314,3,0,5,7,1982,1982,0.0,1,1.0,6.0,546,0,270,816,1.0,816,0,0,816,0,0,1,0,2,1,1,5,0,1982.0,0.0,1,264,168,0,0,0,0,0,0,6,2007,0,0,0,1,0,0,1,0,0,0,0,0,1,0,0,0,0,0,0,0,0,0,0,0,0,0,0,0,1,0,0,0,0,0,0,0,0,0,0,0,0,0,
317,60,94.0,13005,2,0,7,7,1980,1980,278.0,2,2.0,7.0,692,0,153,845,1.0,1153,1200,0,2353,1,0,2,1,4,1,3,10,1,1983.0,1.0,2,484,288,195,0,0,0,0,0,8,2009,0,0,0,1,0,0,1,0,0,0,0,0,0,0,1,0,0,0,0,0,0,0,0,0,0,0,0,0,0,0,0,1,0,0,0,0,0,0,0,0,0,0,
725,20,86.0,13286,2,0,9,5,2007,2008,340.0,3,3.0,7.0,1234,0,464,1698,3.0,1698,0,0,1698,1,0,2,0,3,1,3,8,1,2007.0,2.0,3,768,327,64,0,0,0,0,0,2,2009,0,0,0,1,0,0,0,1,0,0,0,0,1,0,0,0,0,0,0,0,0,0,0,0,1,0,0,0,0,0,0,0,0,0,0,0,0,0,0,0,0,0,
1415,50,64.0,13053,3,1,6,7,1923,2000,0.0,1,1.0,1.0,0,0,833,833,2.0,1053,795,0,1848,0,0,1,1,4,1,2,8,1,1922.0,0.0,2,370,0,0,0,0,220,0,0,6,2008,0,0,0,1,0,1,0,0,0,0,1,0,0,0,0,0,0,0,0,0,1,0,0,0,0,0,0,0,0,0,0,0,0,0,0,0,0,0,0,0,0,0,
671,60,64.0,8633,3,0,6,5,2005,2005,0.0,2,2.0,7.0,193,0,545,738,3.0,738,738,0,1476,1,0,2,1,3,1,2,7,0,2005.0,2.0,2,540,100,35,0,0,0,0,0,2,2009,0,0,0,1,0,0,0,1,0,0,0,0,0,0,1,0,0,0,0,0,0,0,1,0,0,0,0,0,0,0,0,0,0,0,0,0,0,0,0,0,0,0,
1053,60,100.0,9500,3,0,6,6,1964,1978,272.0,1,1.0,4.0,442,0,374,816,1.0,1127,850,0,1977,0,1,1,1,4,1,1,9,1,1964.0,1.0,2,540,0,52,0,0,0,0,0,6,2007,0,0,0,1,0,0,1,0,0,0,0,0,0,0,1,0,0,0,0,0,0,0,0,0,0,0,0,0,0,1,0,0,0,0,0,0,0,0,0,0,0,0,
629,60,70.0,11606,2,2,5,5,1969,1969,192.0,1,2.0,4.0,650,0,390,1040,1.0,1040,1040,0,2080,0,1,1,2,5,1,0,9,2,1969.0,0.0,2,504,335,0,0,0,0,0,0,9,2007,0,0,0,1,0,0,0,1,0,0,0,0,0,0,1,0,0,0,0,0,0,0,0,0,0,0,0,0,0,1,0,0,0,0,0,0,0,0,0,0,0,0,
1044,60,86.0,11839,3,0,7,5,1990,1990,99.0,1,2.0,7.0,1085,0,390,1475,3.0,1532,797,0,2329,1,0,2,1,4,1,2,10,1,1990.0,0.0,2,514,192,121,0,0,0,0,0,5,2008,0,0,0,1,0,0,0,1,0,0,0,0,0,0,1,0,0,0,0,0,0,0,0,0,0,0,0,0,0,0,0,0,0,0,0,0,0,1,0,0,0,0,
430,20,130.0,11457,2,0,6,5,1988,1988,0.0,1,2.0,7.0,1005,0,387,1392,1.0,1412,0,0,1412,1,0,2,0,3,1,2,6,1,1988.0,0.0,2,576,0,0,169,0,0,0,0,3,2009,0,0,0,1,0,0,1,0,0,0,0,0,1,0,0,0,0,0,0,0,0,0,0,0,0,0,0,0,0,0,0,0,0,0,0,0,0,0,0,0,1,0,
512,120,40.0,6792,2,0,7,5,2005,2006,94.0,2,2.0,1.0,0,0,1368,1368,3.0,1368,0,0,1368,0,0,2,0,2,1,2,6,1,2005.0,1.0,2,474,132,35,0,0,0,0,0,3,2006,0,0,0,1,0,0,0,1,0,0,0,0,1,0,0,0,0,0,0,0,0,0,0,0,0,0,0,0,0,0,0,0,0,1,0,0,0,0,0,0,0,0,
1076,70,75.0,13125,3,0,7,6,1940,1984,0.0,1,1.0,5.0,410,0,390,800,1.0,960,780,0,1740,0,0,1,1,3,1,1,6,2,1940.0,0.0,1,240,0,0,0,0,0,0,0,7,2007,0,0,0,1,0,0,1,0,0,0,0,0,0,0,1,0,0,0,0,0,0,0,0,1,0,0,0,0,0,0,0,0,0,0,0,0,0,0,0,0,0,0,
474,20,110.0,14977,2,0,8,5,2006,2007,304.0,2,3.0,7.0,1350,0,626,1976,3.0,1976,0,0,1976,1,0,2,0,2,1,2,7,1,2006.0,1.0,3,908,250,63,0,0,0,0,0,7,2007,0,0,0,1,0,0,0,1,0,0,0,0,1,0,0,0,0,0,0,0,0,0,0,0,0,0,0,0,0,0,0,0,0,1,0,0,0,0,0,0,0,0,
1239,20,63.0,13072,3,0,6,5,2005,2005,0.0,2,2.0,1.0,0,0,1141,1141,3.0,1141,0,0,1141,0,0,1,1,3,1,1,6,0,2005.0,0.0,2,484,0,0,0,0,0,0,0,3,2006,0,0,0,1,0,0,0,1,0,0,0,0,1,0,0,0,0,0,0,0,0,0,0,0,0,0,0,0,0,0,0,0,0,0,0,0,0,1,0,0,0,0,
64,70,50.0,10300,2,1,7,6,1921,1950,0.0,1,1.0,1.0,0,0,576,576,2.0,902,808,0,1710,0,0,2,0,3,1,1,9,0,1990.0,0.0,2,480,12,11,64,0,0,0,0,4,2010,0,0,0,0,1,1,0,0,0,0,0,0,0,0,1,0,0,0,0,0,0,0,0,0,0,0,0,0,0,0,0,0,0,0,1,0,0,0,0,0,0,0,120073.6
218,70,57.0,9906,3,0,4,4,1925,1950,0.0,1,1.0,1.0,0,0,686,686,0.0,810,518,0,1328,0,0,1,0,3,1,1,8,0,1940.0,0.0,1,210,0,172,60,0,0,0,0,9,2006,0,0,0,0,1,0,1,0,0,0,0,0,0,0,1,0,0,0,0,0,0,0,0,0,0,0,0,0,0,0,0,0,0,0,1,0,0,0,0,0,0,0,178571.7
555,60,85.0,10625,3,0,7,5,2003,2004,292.0,2,2.0,7.0,866,0,132,998,3.0,1006,1040,0,2046,1,0,2,1,3,1,2,8,1,2003.0,1.0,3,871,320,62,0,0,0,0,0,8,2008,0,0,0,1,0,0,0,1,0,0,0,0,0,0,1,0,0,0,0,0,0,0,0,0,0,0,0,0,0,0,0,0,0,1,0,0,0,0,0,0,0,0,
994,60,68.0,8846,3,0,6,5,2005,2006,0.0,1,2.0,1.0,0,0,750,750,3.0,750,750,0,1500,0,0,2,1,3,1,2,6,0,2005.0,1.0,2,564,0,35,0,0,0,0,0,8,2006,0,0,0,1,0,0,0,1,0,0,0,0,0,0,1,0,0,0,0,0,0,0,1,0,0,0,0,0,0,0,0,0,0,0,0,0,0,0,0,0,0,0,
107,30,60.0,10800,3,0,4,7,1885,1995,0.0,1,0.0,1.0,0,0,641,641,2.0,1047,0,0,1047,0,0,1,0,2,1,1,6,0,1954.0,0.0,1,273,0,0,0,0,0,0,450,8,2007,0,0,0,0,1,1,0,0,0,0,0,0,1,0,0,0,0,0,0,0,0,0,0,0,0,0,0,0,0,0,0,0,0,0,1,0,0,0,0,0,0,0,192501.46
1143,60,77.0,9965,3,0,8,5,2006,2007,340.0,2,3.0,7.0,1150,0,316,1466,3.0,1466,1362,0,2828,1,0,3,0,4,1,2,11,1,2006.0,1.0,3,1052,125,144,0,0,0,0,0,4,2007,0,0,0,1,0,0,0,1,0,0,0,0,0,0,1,0,0,0,0,0,0,0,1,0,0,0,0,0,0,0,0,0,0,0,0,0,0,0,0,0,0,0,
151,20,120.0,10356,3,0,5,6,1975,1975,0.0,1,1.0,5.0,716,0,253,969,1.0,969,0,0,969,0,0,1,1,3,1,1,5,0,1975.0,0.0,2,440,0,0,0,0,0,0,0,1,2007,0,0,0,1,0,0,1,0,0,0,0,0,1,0,0,0,0,0,0,0,0,0,1,0,0,0,0,0,0,0,0,0,0,0,0,0,0,0,0,0,0,0,186676.8
527,20,70.0,13300,3,0,5,7,1956,2000,0.0,1,2.0,4.0,377,0,551,928,1.0,928,0,0,928,0,0,1,0,2,1,1,4,0,1956.0,0.0,1,252,261,0,156,0,0,0,0,6,2007,0,0,0,1,0,0,1,0,0,0,0,0,1,0,0,0,0,0,0,0,0,0,0,0,0,0,0,0,0,1,0,0,0,0,0,0,0,0,0,0,0,0,
958,20,70.0,7420,3,0,5,5,1962,1962,0.0,1,1.0,4.0,417,0,640,1057,1.0,1057,0,0,1057,0,0,1,0,3,1,1,6,0,1977.0,2.0,2,576,0,0,0,0,0,0,0,4,2007,0,0,0,1,0,0,1,0,0,0,0,0,1,0,0,0,0,0,0,0,0,0,0,0,0,0,0,0,0,0,0,0,0,0,0,0,1,0,0,0,0,0,
184,50,63.0,11426,3,0,7,5,2003,2003,0.0,1,2.0,1.0,0,0,1362,1362,3.0,1362,720,0,2082,0,0,2,1,3,1,2,6,0,2003.0,0.0,2,484,280,238,0,0,0,0,0,6,2008,0,0,0,0,1,0,0,1,0,0,1,0,0,0,0,0,0,0,0,0,0,0,0,0,0,0,0,0,0,0,0,0,0,0,1,0,0,0,0,0,0,0,190245.58
483,70,50.0,2500,3,0,7,8,1915,2005,0.0,2,1.0,6.0,299,0,611,910,3.0,916,910,0,1826,1,0,1,1,4,1,3,7,1,1915.0,0.0,1,164,0,0,0,0,0,0,0,6,2009,0,0,0,0,1,0,0,1,0,0,0,0,0,0,1,0,0,0,0,0,0,0,0,0,0,0,0,0,0,0,0,0,0,0,1,0,0,0,0,0,0,0,
1367,60,68.0,9179,2,0,7,5,1999,1999,158.0,2,2.0,7.0,633,0,240,873,3.0,882,908,0,1790,1,0,2,1,3,1,2,7,0,1999.0,1.0,2,588,0,88,0,0,0,0,0,6,2008,0,0,0,1,0,0,0,1,0,0,0,0,0,0,1,0,0,0,0,0,0,0,1,0,0,0,0,0,0,0,0,0,0,0,0,0,0,0,0,0,0,0,
223,60,85.0,11475,3,0,6,6,1975,1975,0.0,1,2.0,6.0,550,0,163,713,1.0,811,741,0,1552,1,0,2,1,3,1,1,6,1,1975.0,1.0,2,434,209,208,0,0,0,0,0,2,2006,0,0,0,1,0,0,1,0,0,0,0,0,0,0,1,0,0,0,0,0,0,0,0,0,0,0,0,0,0,0,0,1,0,0,0,0,0,0,0,0,0,0,
1267,190,60.0,10120,2,1,7,4,1910,1950,0.0,0,1.0,1.0,0,0,925,925,1.0,964,925,0,1889,0,0,1,1,4,2,1,9,1,1960.0,0.0,1,308,0,0,264,0,0,0,0,1,2007,0,0,0,0,1,0,1,0,0,0,0,0,0,1,0,0,0,0,0,0,0,0,0,0,0,0,0,0,0,0,0,0,0,0,1,0,0,0,0,0,0,0,
236,160,21.0,1680,3,0,6,3,1971,1971,604.0,1,1.0,6.0,358,0,125,483,1.0,483,504,0,987,0,0,1,1,2,1,1,5,0,1971.0,0.0,1,264,0,0,0,0,0,0,0,8,2008,0,0,0,0,1,0,1,0,0,0,0,0,0,0,1,0,0,0,0,1,0,0,0,0,0,0,0,0,0,0,0,0,0,0,0,0,0,0,0,0,0,0,
763,60,72.0,8640,3,0,7,5,2009,2009,0.0,1,2.0,7.0,24,0,732,756,3.0,764,783,0,1547,0,0,2,1,3,1,2,7,0,2009.0,0.0,2,614,169,45,0,0,0,0,0,6,2010,0,1,0,0,0,0,0,1,0,0,0,0,0,0,1,0,0,0,0,0,0,0,0,0,0,0,0,0,0,0,0,0,0,0,0,0,0,0,1,0,0,0,
705,20,70.0,8400,3,0,7,5,2004,2005,109.0,2,2.0,7.0,712,0,761,1473,3.0,1484,0,0,1484,1,0,2,0,3,1,2,7,0,2004.0,1.0,2,606,0,35,0,144,0,0,0,5,2010,0,0,0,1,0,0,0,1,0,0,0,0,1,0,0,0,0,0,0,0,0,0,1,0,0,0,0,0,0,0,0,0,0,0,0,0,0,0,0,0,0,0,
135,20,78.0,10335,2,0,5,6,1968,1993,0.0,1,1.0,4.0,570,0,891,1461,2.0,1721,0,0,1721,0,0,2,1,3,1,1,7,1,1968.0,1.0,2,440,0,96,180,0,0,0,0,7,2006,0,0,0,1,0,0,1,0,0,0,0,0,1,0,0,0,0,0,0,0,0,0,0,0,0,0,0,0,0,0,0,0,0,0,0,0,1,0,0,0,0,0,204878.32
472,60,92.0,11952,3,0,7,6,1977,1977,0.0,1,2.0,1.0,0,0,808,808,1.0,1161,808,0,1969,0,0,2,1,3,1,1,8,1,1977.0,1.0,2,534,0,0,0,0,276,0,0,11,2007,0,0,0,1,0,0,1,0,0,0,0,0,0,0,1,0,0,0,0,0,0,0,0,0,0,0,0,0,0,0,0,1,0,0,0,0,0,0,0,0,0,0,
564,50,66.0,21780,3,0,6,7,1918,1950,0.0,1,2.0,1.0,0,0,1163,1163,3.0,1163,511,0,1674,0,0,2,0,4,1,1,8,1,1955.0,2.0,2,396,72,36,0,0,144,0,0,7,2008,0,0,0,1,0,1,0,0,0,0,1,0,0,0,0,0,0,0,0,0,0,0,0,0,1,0,0,0,0,0,0,0,0,0,0,0,0,0,0,0,0,0,
1112,60,80.0,10480,3,0,7,6,1976,1976,660.0,1,1.0,6.0,403,0,400,803,1.0,1098,866,0,1964,0,0,2,1,4,1,1,8,1,1976.0,1.0,2,483,0,69,0,0,0,0,0,9,2008,0,0,0,1,0,0,1,0,0,0,0,0,0,0,1,0,0,0,0,0,0,0,0,0,0,0,0,0,0,0,0,1,0,0,0,0,0,0,0,0,0,0,
748,70,65.0,11700,2,0,7,7,1880,2003,0.0,2,1.0,1.0,0,0,1240,1240,1.0,1320,1320,0,2640,0,0,1,1,4,1,2,8,1,1950.0,0.0,4,864,181,0,386,0,0,0,0,5,2009,0,0,0,0,1,0,0,0,1,0,0,0,0,0,1,0,0,0,0,0,0,0,0,0,0,0,0,0,0,0,0,0,0,0,1,0,0,0,0,0,0,0,
1385,50,60.0,9060,3,0,6,5,1939,1950,0.0,1,1.0,4.0,204,0,356,560,1.0,698,560,0,1258,0,0,1,0,2,1,1,6,0,1939.0,0.0,1,280,0,0,0,0,0,0,0,10,2009,0,0,0,1,0,1,0,0,0,0,1,0,0,0,0,0,0,0,0,0,0,0,0,0,1,0,0,0,0,0,0,0,0,0,0,0,0,0,0,0,0,0,
584,75,75.0,13500,3,0,10,9,1893,2000,0.0,3,1.0,1.0,0,0,1237,1237,2.0,1521,1254,0,2775,0,0,3,1,3,1,2,9,1,1988.0,0.0,2,880,105,502,0,0,0,0,0,7,2008,0,0,0,0,1,1,0,0,0,0,0,0,0,1,0,0,0,0,0,0,0,0,0,0,0,0,0,0,0,0,0,0,0,0,1,0,0,0,0,0,0,0,
1333,20,67.0,8877,3,0,4,6,1938,1958,0.0,1,1.0,6.0,690,0,126,816,3.0,816,0,0,816,1,0,1,0,2,1,1,3,1,1958.0,0.0,1,288,0,0,0,0,0,0,0,5,2009,0,0,0,1,0,0,1,0,0,0,0,0,1,0,0,0,0,0,0,0,0,0,0,0,1,0,0,0,0,0,0,0,0,0,0,0,0,0,0,0,0,0,
1092,160,24.0,2160,3,0,7,5,1999,2000,212.0,2,2.0,5.0,510,0,90,600,3.0,624,628,0,1252,1,0,2,1,2,1,2,4,0,1999.0,0.0,2,462,0,48,0,0,0,0,0,3,2008,0,1,0,0,0,0,0,1,0,0,0,0,0,0,1,0,0,0,0,0,0,0,0,0,0,0,0,0,0,0,0,0,0,0,0,0,0,0,1,0,0,0,
1438,20,96.0,12444,3,0,8,5,2008,2008,426.0,3,3.0,7.0,1336,0,596,1932,3.0,1932,0,0,1932,1,0,2,0,2,1,3,7,1,2008.0,2.0,3,774,0,66,0,304,0,0,0,11,2008,0,0,0,1,0,0,0,1,0,0,0,0,1,0,0,0,0,0,0,0,0,0,0,0,0,0,0,0,0,0,0,0,0,1,0,0,0,0,0,0,0,0,
1129,60,59.0,11796,2,0,7,5,2004,2005,0.0,2,2.0,1.0,0,0,847,847,3.0,847,1112,0,1959,0,0,2,1,4,1,2,8,1,2004.0,2.0,2,434,100,48,0,0,0,0,0,7,2007,0,0,0,1,0,0,0,1,0,0,0,0,0,0,1,0,0,0,0,0,0,0,0,0,0,1,0,0,0,0,0,0,0,0,0,0,0,0,0,0,0,0,
1103,20,70.0,7000,3,0,5,7,1960,2002,45.0,1,1.0,4.0,588,0,422,1010,3.0,1134,0,0,1134,0,0,1,0,2,1,1,6,0,1960.0,1.0,1,254,0,16,0,0,0,0,0,4,2007,0,0,0,1,0,0,1,0,0,0,0,0,1,0,0,0,0,0,0,0,0,0,0,0,0,0,0,0,0,1,0,0,0,0,0,0,0,0,0,0,0,0,
914,90,82.0,6270,3,2,5,6,1949,1950,0.0,1,1.0,5.0,284,0,717,1001,1.0,1001,1001,0,2002,0,0,2,0,4,2,1,8,0,1949.0,0.0,3,871,0,0,0,0,0,0,0,8,2007,0,0,1,0,0,0,1,0,0,0,0,0,0,0,1,0,0,0,0,0,0,0,0,1,0,0,0,0,0,0,0,0,0,0,0,0,0,0,0,0,0,0,
842,70,60.0,10440,3,0,5,8,1904,2002,0.0,1,1.0,1.0,0,0,650,650,2.0,958,581,0,1539,0,0,2,0,3,1,2,8,1,1983.0,0.0,2,686,70,78,68,0,0,0,0,6,2008,0,0,0,0,1,0,0,1,0,0,0,0,0,0,1,0,0,0,0,0,0,0,0,0,0,0,0,0,0,0,0,0,0,0,1,0,0,0,0,0,0,0,
814,20,75.0,9750,3,0,6,6,1958,1958,243.0,1,1.0,4.0,608,0,834,1442,2.0,1442,0,0,1442,0,0,1,1,4,1,1,7,0,1958.0,1.0,1,301,0,0,275,0,0,0,500,4,2007,0,0,0,1,0,0,1,0,0,0,0,0,1,0,0,0,0,0,0,0,0,0,0,0,0,0,0,0,0,1,0,0,0,0,0,0,0,0,0,0,0,0,
768,50,75.0,12508,2,0,6,7,1940,1985,0.0,1,2.0,6.0,660,0,323,983,3.0,983,767,0,1750,1,0,2,0,4,1,1,7,0,1989.0,0.0,1,423,245,0,156,0,0,0,1300,7,2008,0,0,0,1,0,0,1,0,0,0,1,0,0,0,0,0,0,0,0,0,0,0,0,0,0,0,0,0,1,0,0,0,0,0,0,0,0,0,0,0,0,0,
551,120,53.0,4043,3,0,6,6,1977,1977,0.0,1,2.0,6.0,559,0,510,1069,1.0,1069,0,0,1069,0,0,2,0,2,1,1,4,0,1977.0,1.0,2,440,0,55,0,0,200,0,0,10,2008,0,0,0,1,0,0,1,0,0,0,0,0,1,0,0,0,0,0,0,0,0,0,0,0,0,0,0,0,0,0,1,0,0,0,0,0,0,0,0,0,0,0,
403,30,60.0,10200,3,0,5,8,1940,1997,0.0,1,1.0,1.0,0,0,672,672,3.0,672,0,0,672,0,0,1,0,2,1,1,4,0,1940.0,0.0,1,240,168,0,0,0,0,0,0,8,2008,0,0,0,1,0,0,0,1,0,0,0,0,1,0,0,0,0,0,0,0,0,0,0,0,0,0,0,0,0,0,0,0,0,0,0,0,1,0,0,0,0,0,
1021,20,60.0,7024,3,0,4,5,2005,2005,0.0,1,2.0,7.0,1024,0,108,1132,3.0,1132,0,0,1132,1,0,1,1,2,1,2,5,0,2005.0,2.0,2,451,252,64,0,0,0,0,0,6,2008,0,0,0,1,0,0,0,1,0,0,0,0,1,0,0,0,0,0,0,0,0,0,0,0,1,0,0,0,0,0,0,0,0,0,0,0,0,0,0,0,0,0,
214,20,43.0,13568,1,0,5,5,1995,1995,0.0,1,2.0,6.0,716,0,274,990,3.0,990,0,0,990,0,1,1,0,3,1,1,5,0,1996.0,0.0,2,576,224,0,0,0,0,0,0,7,2006,0,0,0,1,0,0,0,1,0,0,0,0,1,0,0,0,0,0,0,0,0,0,1,0,0,0,0,0,0,0,0,0,0,0,0,0,0,0,0,0,0,0,366422.98
1133,70,90.0,9900,3,0,6,4,1880,1950,0.0,1,1.0,1.0,0,0,1008,1008,1.0,1178,1032,0,2210,0,0,2,0,5,1,0,8,0,1930.0,0.0,1,205,0,48,0,0,0,0,0,5,2007,0,0,0,0,1,1,0,0,0,0,0,0,0,0,1,0,0,0,0,0,0,0,0,0,0,0,0,0,0,0,0,0,0,0,1,0,0,0,0,0,0,0,
1255,60,60.0,6931,3,0,7,5,2003,2004,92.0,2,2.0,1.0,0,0,746,746,3.0,760,896,0,1656,0,0,2,1,3,1,2,7,1,2003.0,2.0,2,397,178,128,0,0,0,0,0,7,2008,0,0,0,1,0,0,0,1,0,0,0,0,0,0,1,0,0,0,0,0,0,0,0,0,1,0,0,0,0,0,0,0,0,0,0,0,0,0,0,0,0,0,
1371,50,90.0,5400,3,0,4,6,1920,1950,0.0,0,1.0,6.0,315,105,420,840,3.0,840,534,0,1374,0,0,1,0,2,1,1,6,0,1967.0,2.0,1,338,0,0,198,0,0,0,0,10,2009,0,0,0,1,0,0,0,1,0,0,1,0,0,0,0,0,0,0,0,0,0,0,0,0,0,0,0,0,0,0,0,0,0,0,1,0,0,0,0,0,0,0,
516,20,94.0,12220,3,0,10,5,2009,2009,305.0,3,3.0,7.0,1436,0,570,2006,3.0,2020,0,0,2020,1,0,2,1,3,1,3,9,1,2009.0,2.0,3,900,156,54,0,0,0,0,0,9,2009,0,0,0,1,0,0,1,0,0,0,0,0,1,0,0,0,0,0,0,0,0,0,0,0,0,0,0,0,0,0,0,0,0,1,0,0,0,0,0,0,0,0,
1426,20,80.0,10721,2,0,6,6,1959,1959,243.0,2,1.0,1.0,0,0,1252,1252,3.0,1252,0,0,1252,0,0,1,0,3,1,2,7,0,1960.0,0.0,2,528,0,39,0,0,0,0,0,10,2008,0,0,0,1,0,0,1,0,0,0,0,0,1,0,0,0,0,0,0,0,0,0,0,0,0,0,0,0,0,1,0,0,0,0,0,0,0,0,0,0,0,0,
283,120,34.0,5063,3,0,7,5,2007,2008,166.0,2,2.0,7.0,904,0,410,1314,3.0,1314,0,0,1314,1,0,2,0,2,1,2,6,1,2008.0,1.0,2,626,172,62,0,0,0,0,0,4,2009,0,0,0,1,0,0,0,1,0,0,0,0,1,0,0,0,0,0,0,0,0,0,0,0,0,0,0,0,0,0,0,0,0,1,0,0,0,0,0,0,0,0,
1057,120,43.0,7052,2,0,7,5,2005,2005,240.0,2,2.0,7.0,659,0,705,1364,3.0,1364,0,0,1364,1,0,2,0,2,1,2,6,1,2005.0,1.0,2,484,192,36,0,0,0,0,0,6,2006,0,0,0,1,0,0,0,1,0,0,0,0,1,0,0,0,0,0,0,0,0,0,0,0,0,0,0,0,0,0,0,0,0,1,0,0,0,0,0,0,0,0,
952,20,60.0,7800,3,0,5,5,1965,1965,0.0,1,1.0,5.0,641,0,187,828,2.0,965,0,0,965,1,0,1,0,3,1,1,6,0,1979.0,0.0,1,300,421,0,0,0,0,0,0,7,2006,0,0,1,0,0,0,1,0,0,0,0,0,1,0,0,0,0,0,0,0,0,0,0,0,0,0,0,0,0,0,0,0,0,0,0,0,0,1,0,0,0,0,
1380,80,73.0,9735,3,0,5,5,2006,2007,0.0,1,2.0,1.0,0,0,384,384,2.0,754,640,0,1394,0,0,2,1,3,1,2,7,0,2007.0,2.0,2,400,100,0,0,0,0,0,0,5,2008,0,0,0,1,0,0,0,1,0,0,0,0,0,0,0,0,1,0,0,0,0,0,0,0,0,0,0,0,0,0,0,0,0,0,0,0,0,0,0,0,1,0,
897,30,50.0,8765,3,0,4,6,1936,1950,0.0,1,1.0,6.0,285,0,666,951,3.0,951,0,0,951,0,0,1,0,2,1,1,6,0,1936.0,0.0,1,327,0,28,0,0,0,0,0,4,2006,0,0,0,0,1,1,0,0,0,0,0,0,1,0,0,0,0,0,0,0,0,0,0,0,0,0,1,0,0,0,0,0,0,0,0,0,0,0,0,0,0,0,
285,120,50.0,8012,3,0,6,5,1992,1992,0.0,2,2.0,7.0,430,0,1145,1575,2.0,1575,0,0,1575,1,0,2,0,2,1,2,5,0,1992.0,1.0,2,529,0,0,52,0,0,0,0,7,2007,0,0,0,1,0,0,0,1,0,0,0,0,1,0,0,0,0,0,0,0,0,0,0,0,0,0,0,0,0,0,0,0,0,0,0,0,0,1,0,0,0,0,
886,120,50.0,5119,2,0,9,5,1999,2000,60.0,2,3.0,7.0,1238,0,460,1698,3.0,1709,0,0,1709,1,0,2,0,2,1,2,5,1,1999.0,2.0,2,506,97,65,0,0,0,0,0,1,2008,0,1,0,0,0,0,0,1,0,0,0,0,1,0,0,0,0,0,0,0,0,0,0,0,0,0,0,0,0,0,0,0,0,0,0,0,0,0,1,0,0,0,
168,60,86.0,10562,3,0,8,5,2007,2007,300.0,2,3.0,7.0,1288,0,294,1582,3.0,1610,551,0,2161,1,0,1,1,3,1,3,8,1,2007.0,2.0,3,789,178,120,0,0,0,0,0,11,2007,0,0,0,1,0,0,0,1,0,0,0,0,0,0,1,0,0,0,0,0,0,0,0,0,0,0,0,0,0,0,0,0,0,1,0,0,0,0,0,0,0,0,118428.4
1238,60,41.0,12393,1,0,7,5,2004,2005,0.0,2,2.0,1.0,0,0,847,847,3.0,847,1101,0,1948,0,0,2,1,4,1,2,8,1,2004.0,2.0,2,434,100,48,0,0,0,0,0,9,2006,0,0,0,1,0,0,0,1,0,0,0,0,0,0,1,0,0,0,0,0,0,0,1,0,0,0,0,0,0,0,0,0,0,0,0,0,0,0,0,0,0,0,
1317,20,61.0,10226,2,0,8,5,2008,2008,270.0,2,3.0,1.0,0,0,1622,1622,3.0,1630,0,0,1630,1,0,2,0,3,1,3,8,1,2008.0,1.0,3,860,172,42,0,0,0,0,0,1,2009,0,0,0,1,0,0,0,1,0,0,0,0,1,0,0,0,0,0,0,0,0,0,1,0,0,0,0,0,0,0,0,0,0,0,0,0,0,0,0,0,0,0,
865,20,72.0,8640,3,0,7,5,2007,2008,0.0,2,3.0,1.0,0,0,1372,1372,3.0,1372,0,0,1372,0,0,2,0,3,1,2,6,0,2008.0,2.0,2,529,0,140,0,0,0,0,0,5,2008,0,1,0,0,0,0,0,1,0,0,0,0,1,0,0,0,0,0,0,0,0,0,0,0,0,0,0,0,0,0,0,0,0,0,0,0,0,0,1,0,0,0,
92,20,85.0,8500,3,0,5,3,1961,1961,203.0,1,1.0,4.0,600,0,635,1235,1.0,1235,0,0,1235,0,0,1,0,2,1,1,6,0,1961.0,0.0,2,480,0,0,0,0,0,0,0,12,2006,0,0,0,1,0,0,1,0,0,0,0,0,1,0,0,0,0,0,0,0,0,0,0,0,0,0,0,0,0,1,0,0,0,0,0,0,0,0,0,0,0,0,154880.8
549,20,49.0,8235,2,2,5,7,1955,1995,0.0,1,1.0,2.0,180,645,0,825,1.0,825,0,0,825,1,0,1,0,2,1,1,4,0,1963.0,1.0,2,720,140,50,0,0,0,0,0,6,2008,0,0,0,0,1,0,1,0,0,0,0,0,1,0,0,0,0,0,0,0,0,0,0,0,0,0,0,0,0,0,0,0,0,0,1,0,0,0,0,0,0,0,
1074,60,75.0,7950,2,1,6,6,1977,1977,140.0,1,1.0,5.0,535,0,155,690,1.0,698,728,0,1426,0,0,1,1,3,1,1,6,0,1977.0,2.0,2,440,252,0,0,0,0,0,0,7,2009,0,0,0,1,0,0,1,0,0,0,0,0,0,0,1,0,0,0,0,0,0,0,0,0,1,0,0,0,0,0,0,0,0,0,0,0,0,0,0,0,0,0,
859,20,80.0,10400,3,0,7,5,1976,1976,189.0,1,2.0,1.0,0,0,1090,1090,1.0,1370,0,0,1370,0,0,2,0,3,1,1,6,1,1976.0,1.0,2,479,0,0,0,0,0,0,0,6,2009,0,0,0,1,0,0,1,0,0,0,0,0,1,0,0,0,0,0,0,0,0,0,0,0,0,0,0,0,0,0,0,1,0,0,0,0,0,0,0,0,0,0,
698,20,57.0,6420,2,0,5,7,1952,1952,0.0,1,3.0,2.0,210,551,219,980,0.0,1148,0,0,1148,0,1,1,0,2,1,1,6,0,1952.0,0.0,1,308,0,0,0,0,0,0,0,9,2006,0,0,0,1,0,0,0,1,0,0,0,0,1,0,0,0,0,0,0,0,0,0,0,0,1,0,0,0,0,0,0,0,0,0,0,0,0,0,0,0,0,0,
231,20,73.0,8760,3,0,6,6,1959,1959,220.0,1,1.0,1.0,0,0,1194,1194,1.0,1194,0,0,1194,1,0,1,0,3,1,1,6,0,1959.0,1.0,1,312,0,0,120,0,0,0,0,4,2010,0,0,0,1,0,0,1,0,0,0,0,0,1,0,0,0,0,0,0,0,0,0,0,0,0,0,0,0,0,1,0,0,0,0,0,0,0,0,0,0,0,0,
920,20,87.0,11029,2,0,6,8,1958,2002,0.0,3,2.0,6.0,528,411,245,1184,3.0,1414,0,0,1414,1,0,1,0,3,1,1,6,1,1990.0,0.0,2,601,0,51,0,0,190,0,0,5,2008,0,0,0,1,0,0,1,0,0,0,0,0,1,0,0,0,0,0,0,0,0,0,0,0,0,0,0,0,0,1,0,0,0,0,0,0,0,0,0,0,0,0,
202,20,75.0,10125,3,0,6,6,1977,1977,0.0,1,1.0,6.0,641,279,276,1196,1.0,1279,0,0,1279,0,1,2,0,3,1,1,6,2,1980.0,0.0,2,473,238,83,0,0,0,0,0,2,2008,0,0,0,1,0,0,1,0,0,0,0,0,1,0,0,0,0,0,0,0,0,0,0,0,0,0,0,0,1,0,0,0,0,0,0,0,0,0,0,0,0,0,163749.18
592,60,97.0,13478,2,0,10,5,2008,2008,420.0,3,3.0,7.0,1338,0,384,1722,3.0,1728,568,0,2296,1,0,2,1,3,1,3,10,1,2008.0,1.0,3,842,382,274,0,0,0,0,0,6,2009,0,0,0,1,0,0,0,1,0,0,0,0,0,0,1,0,0,0,0,0,0,0,0,0,0,0,0,0,0,0,0,0,0,1,0,0,0,0,0,0,0,0,
696,20,54.0,13811,2,0,6,6,1987,1987,72.0,1,2.0,7.0,980,40,92,1112,2.0,1137,0,0,1137,1,0,2,0,2,1,2,5,1,1987.0,0.0,2,551,125,0,0,0,0,0,0,7,2006,0,0,0,1,0,0,1,0,0,0,0,0,1,0,0,0,0,0,0,0,0,0,0,0,0,0,0,0,0,0,0,0,0,0,0,0,0,0,0,0,1,0,
553,20,87.0,11146,2,0,8,5,2006,2006,250.0,2,3.0,1.0,0,0,1709,1709,3.0,1717,0,0,1717,0,0,2,0,3,1,2,7,1,2006.0,1.0,3,908,169,39,0,0,0,0,0,7,2009,0,0,0,1,0,0,0,1,0,0,0,0,1,0,0,0,0,0,0,0,0,0,0,0,0,0,0,0,0,0,0,0,0,1,0,0,0,0,0,0,0,0,
1000,20,64.0,6762,3,0,7,5,2006,2006,24.0,2,2.0,7.0,686,0,501,1187,3.0,1208,0,0,1208,1,0,2,0,2,1,2,6,0,2006.0,1.0,2,632,105,61,0,0,0,0,0,2,2010,0,0,0,1,0,0,0,1,0,0,0,0,1,0,0,0,0,0,0,0,0,0,1,0,0,0,0,0,0,0,0,0,0,0,0,0,0,0,0,0,0,0,
225,20,103.0,13472,3,0,10,5,2003,2003,922.0,3,3.0,7.0,56,0,2336,2392,3.0,2392,0,0,2392,0,0,2,0,3,1,3,8,1,2003.0,2.0,3,968,248,105,0,0,0,0,0,6,2009,0,0,0,1,0,0,0,1,0,0,0,0,1,0,0,0,0,0,0,0,0,0,0,0,0,0,0,0,0,0,0,0,0,1,0,0,0,0,0,0,0,0,
1440,60,80.0,11584,3,0,7,6,1979,1979,96.0,1,1.0,7.0,315,110,114,539,1.0,1040,685,0,1725,0,0,2,1,3,1,1,6,1,1979.0,1.0,2,550,0,88,216,0,0,0,0,11,2007,0,0,0,1,0,0,1,0,0,0,0,0,0,0,0,0,1,0,0,0,0,0,0,0,0,0,0,0,0,0,0,1,0,0,0,0,0,0,0,0,0,0,
925,20,79.0,10240,3,0,6,6,1980,1980,157.0,1,2.0,5.0,625,1061,0,1686,1.0,1686,0,0,1686,1,0,2,0,3,1,1,7,1,1980.0,0.0,2,612,384,131,0,0,0,0,0,5,2006,0,0,0,1,0,0,1,0,0,0,0,0,1,0,0,0,0,0,0,0,0,0,0,0,0,0,0,0,0,0,0,1,0,0,0,0,0,0,0,0,0,0,
1070,45,60.0,9600,3,0,5,7,1949,2003,0.0,1,1.0,6.0,220,0,625,845,1.0,893,0,0,893,0,1,1,0,2,1,2,4,0,1985.0,0.0,2,576,0,0,0,0,0,0,0,5,2007,0,0,0,1,0,0,1,0,0,0,0,1,0,0,0,0,0,0,0,0,0,0,0,0,0,0,0,0,0,1,0,0,0,0,0,0,0,0,0,0,0,0,
1370,20,48.0,10635,1,0,8,5,2003,2003,171.0,2,2.0,5.0,370,972,315,1657,3.0,1668,0,0,1668,1,0,2,0,3,1,2,8,1,2003.0,2.0,2,502,0,262,0,0,0,0,0,5,2010,0,0,0,1,0,0,0,1,0,0,0,0,1,0,0,0,0,0,0,0,0,0,1,0,0,0,0,0,0,0,0,0,0,0,0,0,0,0,0,0,0,0,
1281,20,67.0,9808,2,0,7,5,2002,2002,110.0,2,2.0,7.0,788,0,785,1573,3.0,1573,0,0,1573,1,0,2,0,3,1,2,6,0,2002.0,1.0,2,544,0,72,0,0,0,0,0,3,2009,0,0,0,1,0,0,0,1,0,0,0,0,1,0,0,0,0,0,0,0,0,0,1,0,0,0,0,0,0,0,0,0,0,0,0,0,0,0,0,0,0,0,
861,50,55.0,7642,3,0,7,8,1918,1998,0.0,2,1.0,1.0,0,0,912,912,2.0,912,514,0,1426,0,0,1,1,3,1,2,7,1,1925.0,0.0,1,216,0,240,0,0,0,0,0,6,2007,0,0,0,1,0,1,0,0,0,0,1,0,0,0,0,0,0,0,0,0,0,0,0,1,0,0,0,0,0,0,0,0,0,0,0,0,0,0,0,0,0,0,
685,60,58.0,16770,1,0,7,5,1998,1998,30.0,2,2.0,1.0,0,0,1195,1195,2.0,1195,644,0,1839,0,0,2,1,4,1,1,7,0,1998.0,2.0,2,486,0,81,0,0,0,0,0,6,2010,0,0,0,1,0,0,0,1,0,0,0,0,0,0,1,0,0,0,0,0,0,0,0,0,0,0,0,0,0,0,0,0,1,0,0,0,0,0,0,0,0,0,
200,20,76.0,9591,3,0,8,5,2004,2005,262.0,2,3.0,7.0,1088,0,625,1713,3.0,1713,0,0,1713,1,0,2,0,3,1,3,7,1,2004.0,2.0,3,856,0,26,0,0,170,0,0,1,2009,0,0,0,1,0,0,0,1,0,0,0,0,1,0,0,0,0,0,0,0,0,0,0,0,0,0,0,0,0,0,0,0,0,1,0,0,0,0,0,0,0,0,195634.52
531,80,85.0,10200,3,0,6,5,1988,1989,219.0,2,2.0,7.0,783,0,678,1461,3.0,1509,0,0,1509,1,0,2,0,3,1,2,5,1,1988.0,1.0,2,600,224,0,0,0,0,0,0,8,2008,0,0,0,1,0,0,1,0,0,0,0,0,0,0,0,0,1,0,0,0,0,0,0,0,0,0,0,0,0,0,0,0,0,0,0,0,0,0,0,0,1,0,
299,60,90.0,11700,3,0,6,6,1968,1968,365.0,2,1.0,6.0,384,175,143,702,2.0,1041,702,0,1743,0,1,1,2,3,1,1,7,1,1968.0,0.0,2,539,224,0,0,0,0,0,0,6,2007,0,0,0,1,0,0,1,0,0,0,0,0,0,0,1,0,0,0,0,0,0,0,0,0,0,0,0,0,0,0,0,1,0,0,0,0,0,0,0,0,0,0,
762,30,60.0,6911,3,0,5,5,1924,1950,0.0,1,1.0,2.0,405,0,740,1145,1.0,1301,0,0,1301,0,0,1,0,2,1,0,5,0,1965.0,0.0,2,440,0,0,0,0,0,0,0,10,2009,0,0,0,0,1,0,0,1,0,0,0,0,1,0,0,0,0,0,0,0,1,0,0,0,0,0,0,0,0,0,0,0,0,0,0,0,0,0,0,0,0,0,
366,70,59.0,10690,3,0,5,7,1920,1997,0.0,1,1.0,4.0,456,0,216,672,2.0,672,672,0,1344,0,0,1,0,3,1,1,6,0,1964.0,0.0,1,468,0,128,218,0,0,0,0,7,2009,0,0,0,0,1,0,1,0,0,0,0,0,0,0,1,0,0,0,0,0,0,0,0,0,0,0,1,0,0,0,0,0,0,0,0,0,0,0,0,0,0,0,
1173,160,35.0,4017,2,0,7,5,2006,2007,0.0,2,2.0,1.0,0,0,625,625,3.0,625,625,0,1250,0,0,2,1,2,1,2,5,0,2006.0,2.0,2,625,0,54,0,0,0,0,0,3,2008,0,1,0,0,0,0,0,1,0,0,0,0,0,0,1,0,0,0,0,0,0,0,0,0,0,0,0,0,0,0,0,0,0,0,0,0,0,0,1,0,0,0,
1237,160,36.0,2628,3,0,7,5,2003,2003,106.0,2,2.0,1.0,0,0,764,764,3.0,764,862,0,1626,0,0,2,1,2,1,2,6,0,2003.0,1.0,2,474,0,27,0,0,0,0,0,6,2010,0,0,0,1,0,0,0,1,0,0,0,0,0,0,1,0,0,0,0,0,0,0,0,0,0,0,0,0,0,0,0,0,0,1,0,0,0,0,0,0,0,0,
455,90,63.0,9297,3,0,5,5,1976,1976,0.0,1,1.0,6.0,1606,0,122,1728,1.0,1728,0,0,1728,2,0,2,0,4,2,1,8,0,1976.0,0.0,2,560,0,0,0,0,0,0,0,7,2006,0,0,0,1,0,0,1,0,0,0,0,0,1,0,0,0,0,0,0,0,0,0,0,0,0,0,0,0,1,0,0,0,0,0,0,0,0,0,0,0,0,0,
120,60,65.0,8461,3,0,6,5,2005,2006,0.0,2,2.0,1.0,0,0,728,728,3.0,728,728,0,1456,0,0,2,1,3,1,2,8,1,2005.0,2.0,2,390,0,24,0,0,0,0,0,7,2006,0,0,0,1,0,0,0,1,0,0,0,0,0,0,1,0,0,0,0,0,0,0,1,0,0,0,0,0,0,0,0,0,0,0,0,0,0,0,0,0,0,0,132795.0
1406,120,44.0,3842,2,2,8,5,2004,2005,174.0,2,3.0,7.0,1373,0,221,1594,3.0,1646,0,0,1646,1,1,2,0,2,1,2,5,1,2004.0,2.0,2,482,128,53,0,0,155,0,0,1,2008,0,0,0,0,1,0,0,1,0,0,0,0,1,0,0,0,0,0,0,0,0,0,0,1,0,0,0,0,0,0,0,0,0,0,0,0,0,0,0,0,0,0,
1166,20,79.0,9541,2,0,7,5,2009,2009,268.0,2,2.0,1.0,0,0,1502,1502,3.0,1502,0,0,1502,0,0,2,0,3,1,2,7,0,2009.0,1.0,2,644,0,114,0,0,0,0,0,9,2009,0,0,0,1,0,0,0,1,0,0,0,0,1,0,0,0,0,0,0,0,0,0,0,0,0,0,0,0,0,0,0,0,0,1,0,0,0,0,0,0,0,0,
544,120,34.0,4058,3,0,7,5,1998,1998,182.0,1,2.0,7.0,584,139,0,723,3.0,767,0,0,767,1,0,1,0,1,1,1,4,0,1998.0,2.0,1,367,120,40,0,0,0,0,0,6,2007,0,0,1,0,0,0,0,1,0,0,0,0,0,0,0,1,0,0,0,0,0,0,0,0,0,0,0,0,0,1,0,0,0,0,0,0,0,0,0,0,0,0,
266,20,78.0,12090,2,0,6,6,1981,1981,210.0,1,2.0,7.0,588,228,606,1422,1.0,1422,0,0,1422,0,0,2,0,3,1,2,7,1,1981.0,2.0,2,576,276,0,0,0,0,0,0,6,2008,0,0,0,1,0,0,1,0,0,0,0,0,1,0,0,0,0,0,0,0,0,0,0,0,0,0,0,0,0,0,0,1,0,0,0,0,0,0,0,0,0,0,
1110,20,107.0,11362,2,0,8,5,2004,2005,42.0,2,3.0,7.0,1039,0,797,1836,3.0,1836,0,0,1836,1,0,2,0,3,1,2,7,1,2004.0,2.0,3,862,125,185,0,0,0,0,0,3,2009,0,0,0,1,0,0,0,1,0,0,0,0,1,0,0,0,0,0,0,0,0,0,0,0,0,0,0,0,0,0,0,0,0,1,0,0,0,0,0,0,0,0,
54,20,68.0,50271,2,-1,9,5,1981,1987,0.0,2,3.0,7.0,1810,0,32,1842,2.0,1842,0,0,1842,2,0,0,1,0,1,2,5,1,1981.0,2.0,3,894,857,72,0,0,0,0,0,11,2006,0,0,0,1,0,0,1,0,0,0,0,0,1,0,0,0,0,0,0,0,0,0,0,0,0,0,0,0,0,0,0,0,0,0,0,0,0,0,0,0,0,1,128425.42
252,120,44.0,4750,2,2,8,5,2006,2007,481.0,2,2.0,7.0,1573,0,0,1573,3.0,1625,0,0,1625,1,1,2,0,2,1,2,5,1,2006.0,2.0,2,538,123,0,0,0,153,0,0,12,2007,0,0,0,0,1,0,0,1,0,0,0,0,1,0,0,0,0,0,0,0,0,0,0,1,0,0,0,0,0,0,0,0,0,0,0,0,0,0,0,0,0,0,
599,20,80.0,12984,3,1,5,6,1977,1977,459.0,1,2.0,6.0,1283,147,0,1430,3.0,1647,0,0,1647,1,0,2,0,3,1,2,7,1,1977.0,2.0,2,621,0,0,0,0,0,0,0,3,2006,0,0,0,1,0,0,1,0,0,0,0,0,1,0,0,0,0,0,0,0,0,0,0,1,0,0,0,0,0,0,0,0,0,0,0,0,0,0,0,0,0,0,
253,60,65.0,8366,2,0,6,5,2004,2004,0.0,2,2.0,1.0,0,0,798,798,3.0,798,842,0,1640,0,0,2,1,3,1,2,6,0,2004.0,1.0,2,520,138,45,0,0,0,0,0,12,2008,0,0,0,1,0,0,0,1,0,0,0,0,0,0,1,0,0,0,0,0,0,0,0,0,0,0,0,0,0,0,0,0,0,0,0,0,0,1,0,0,0,0,
1011,50,115.0,21286,3,0,5,5,1948,1950,0.0,1,1.0,1.0,0,0,720,720,1.0,720,551,0,1271,0,0,2,0,4,1,1,7,1,1948.0,0.0,1,312,0,0,108,0,0,0,0,8,2008,0,0,0,1,0,0,1,0,0,0,1,0,0,0,0,0,0,0,0,0,0,0,0,0,0,0,0,0,0,0,0,0,0,0,0,0,1,0,0,0,0,0,
87,60,122.0,11911,1,0,6,5,2005,2005,0.0,2,2.0,1.0,0,0,684,684,3.0,684,876,0,1560,0,0,2,1,3,1,2,6,1,2005.0,2.0,2,400,100,38,0,0,0,0,0,3,2009,0,0,0,1,0,0,0,1,0,0,0,0,0,0,1,0,0,0,0,0,0,0,0,0,0,1,0,0,0,0,0,0,0,0,0,0,0,0,0,0,0,0,194626.8
630,80,82.0,9020,3,0,6,5,1964,1964,259.0,1,1.0,7.0,624,336,288,1248,1.0,1350,0,0,1350,1,0,1,1,3,1,1,6,0,1964.0,1.0,2,520,176,0,0,0,0,0,0,6,2008,0,0,0,1,0,0,1,0,0,0,0,0,0,0,0,0,1,0,0,0,0,0,0,0,0,0,0,0,0,1,0,0,0,0,0,0,0,0,0,0,0,0,
1250,20,60.0,7200,3,0,5,7,1950,1950,0.0,1,1.0,5.0,534,96,246,876,1.0,988,0,0,988,0,0,1,0,3,1,1,6,0,1950.0,0.0,1,276,0,80,0,0,0,0,0,5,2007,0,0,0,1,0,0,1,0,0,0,0,0,1,0,0,0,0,0,0,0,0,0,0,0,0,0,0,0,0,1,0,0,0,0,0,0,0,0,0,0,0,0,
1251,20,93.0,11160,3,0,7,5,1968,1968,0.0,2,1.0,6.0,1065,0,1045,2110,3.0,2110,0,0,2110,1,0,2,1,3,1,3,8,2,1968.0,2.0,2,522,0,0,0,0,0,0,0,4,2010,0,0,0,1,0,0,1,0,0,0,0,0,1,0,0,0,0,0,0,0,0,0,0,0,0,0,0,0,0,1,0,0,0,0,0,0,0,0,0,0,0,0,
729,90,85.0,11475,3,0,5,5,1958,1958,95.0,1,1.0,1.0,0,0,1584,1584,1.0,1776,0,0,1776,1,0,2,0,4,2,1,9,0,1968.0,0.0,3,888,0,25,0,0,0,0,0,7,2009,0,0,0,1,0,0,1,0,0,0,0,0,1,0,0,0,0,0,0,0,0,0,0,0,0,0,0,0,0,1,0,0,0,0,0,0,0,0,0,0,0,0,
108,20,50.0,6000,3,0,5,5,1948,1950,0.0,1,1.0,6.0,104,169,516,789,3.0,789,0,0,789,0,0,1,0,2,1,1,5,0,1948.0,0.0,1,250,0,0,0,0,0,0,0,4,2008,0,0,0,0,1,0,1,0,0,0,0,0,1,0,0,0,0,0,0,0,0,0,0,0,0,0,0,0,0,0,0,0,0,0,1,0,0,0,0,0,0,0,205274.0
1318,120,47.0,4230,3,0,7,5,2006,2007,0.0,2,3.0,1.0,0,0,1352,1352,3.0,1352,0,0,1352,0,0,2,0,2,1,2,5,1,2006.0,1.0,2,466,0,241,0,0,0,0,0,4,2007,0,1,0,0,0,0,0,1,0,0,0,0,1,0,0,0,0,0,0,0,0,0,0,0,0,0,0,0,0,0,0,0,0,0,0,0,0,0,1,0,0,0,
682,50,55.0,4500,1,1,5,5,1932,2000,0.0,1,1.0,4.0,182,0,611,793,3.0,848,672,0,1520,0,0,1,0,3,1,1,6,0,1968.0,0.0,1,281,0,0,56,0,0,0,0,7,2009,0,0,1,0,0,1,0,0,0,0,1,0,0,0,0,0,0,0,0,0,0,0,0,0,0,0,0,0,0,0,0,0,0,0,0,1,0,0,0,0,0,0,
381,50,50.0,5000,3,0,5,6,1924,1950,0.0,1,1.0,2.0,218,0,808,1026,1.0,1026,665,0,1691,0,0,2,0,3,1,2,6,1,1924.0,0.0,1,308,0,0,242,0,0,0,0,5,2010,0,0,0,1,0,1,0,0,0,0,1,0,0,0,0,0,0,0,0,0,0,0,0,0,0,0,0,0,0,0,0,0,0,0,0,1,0,0,0,0,0,0,
1351,90,91.0,11643,3,0,5,5,1969,1969,368.0,1,1.0,2.0,500,0,748,1248,1.0,1338,1296,0,2634,1,1,2,2,6,2,1,12,0,1969.0,0.0,4,968,0,0,0,0,0,0,0,8,2009,0,0,0,1,0,0,1,0,0,0,0,0,0,0,1,0,0,0,0,0,0,0,0,0,0,0,0,0,0,1,0,0,0,0,0,0,0,0,0,0,0,0,
1402,60,62.0,7415,2,0,6,5,2004,2004,0.0,1,1.0,7.0,759,0,80,839,3.0,864,729,0,1593,1,0,2,1,3,1,1,8,1,2004.0,2.0,2,398,100,75,0,0,0,0,0,4,2008,0,0,0,1,0,0,0,1,0,0,0,0,0,0,1,0,0,0,0,0,0,0,0,0,0,1,0,0,0,0,0,0,0,0,0,0,0,0,0,0,0,0,
498,50,60.0,9120,3,0,7,6,1925,1950,0.0,1,1.0,4.0,329,0,697,1026,3.0,1133,687,0,1820,1,0,2,0,4,1,1,8,0,1925.0,0.0,1,240,0,100,0,0,0,0,0,6,2008,0,0,0,1,0,0,0,1,0,0,1,0,0,0,0,0,0,0,0,0,1,0,0,0,0,0,0,0,0,0,0,0,0,0,0,0,0,0,0,0,0,0,
506,90,60.0,7596,3,0,5,5,1952,1952,360.0,1,1.0,1.0,0,0,960,960,2.0,960,1000,0,1960,0,0,2,0,4,2,1,10,0,1952.0,0.0,2,400,0,0,0,0,0,0,0,7,2009,0,0,0,0,1,0,1,0,0,0,0,0,0,0,1,0,0,0,0,0,0,0,0,0,0,0,0,0,0,0,0,0,0,0,1,0,0,0,0,0,0,0,
891,50,60.0,8064,3,0,5,7,1949,2006,0.0,1,1.0,1.0,0,0,672,672,3.0,672,252,0,924,0,0,1,0,3,1,1,6,1,2003.0,0.0,2,576,0,0,0,0,0,0,2000,7,2007,0,0,0,1,0,0,1,0,0,0,1,0,0,0,0,0,0,0,0,0,0,0,0,0,0,0,0,0,0,1,0,0,0,0,0,0,0,0,0,0,0,0,
339,20,91.0,14145,3,0,7,7,1984,1998,0.0,2,2.0,6.0,213,0,995,1208,3.0,1621,0,0,1621,1,0,2,0,3,1,2,8,0,1984.0,1.0,2,440,108,45,0,0,0,0,400,5,2006,0,0,0,1,0,0,1,0,0,0,0,0,1,0,0,0,0,0,0,0,0,0,0,0,0,0,0,0,0,0,0,1,0,0,0,0,0,0,0,0,0,0,
97,20,78.0,10264,2,0,7,5,1999,1999,183.0,2,2.0,6.0,1162,0,426,1588,3.0,1588,0,0,1588,0,0,2,0,3,1,2,6,0,1999.0,1.0,2,472,158,29,0,0,0,0,0,8,2006,0,0,0,1,0,0,0,1,0,0,0,0,1,0,0,0,0,0,0,0,0,0,1,0,0,0,0,0,0,0,0,0,0,0,0,0,0,0,0,0,0,0,378741.06
1083,20,70.0,8749,3,0,7,5,2002,2002,100.0,2,2.0,1.0,0,0,1459,1459,3.0,1459,0,0,1459,0,0,2,0,3,1,2,6,1,2002.0,1.0,2,527,192,39,0,0,0,0,0,9,2007,0,0,0,1,0,0,0,1,0,0,0,0,1,0,0,0,0,0,0,0,0,0,1,0,0,0,0,0,0,0,0,0,0,0,0,0,0,0,0,0,0,0,
742,20,65.0,6768,2,0,6,8,1961,1996,0.0,1,1.0,7.0,832,0,80,912,2.0,912,0,0,912,1,1,1,0,3,1,2,5,0,1962.0,0.0,1,288,168,0,0,0,0,0,0,5,2008,0,0,0,1,0,0,1,0,0,0,0,0,1,0,0,0,0,0,0,0,0,0,0,0,0,0,0,0,0,0,0,0,0,0,0,0,1,0,0,0,0,0,
6,50,85.0,14115,2,0,5,5,1993,1995,0.0,1,2.0,7.0,732,0,64,796,3.0,796,566,0,1362,1,0,1,1,1,1,1,5,0,1993.0,0.0,2,480,40,30,0,320,0,0,700,10,2009,0,0,0,1,0,0,0,0,0,1,1,0,0,0,0,0,0,0,0,0,0,0,0,0,0,0,0,0,1,0,0,0,0,0,0,0,0,0,0,0,0,0,167873.66
1215,85,69.0,10205,2,0,5,5,1962,1962,0.0,1,1.0,5.0,784,0,141,925,1.0,999,0,0,999,1,0,1,0,3,1,1,6,0,1962.0,0.0,1,300,150,72,0,0,0,0,0,5,2006,0,0,0,1,0,0,1,0,0,0,0,0,0,0,0,1,0,0,0,0,0,0,0,0,0,0,0,0,0,1,0,0,0,0,0,0,0,0,0,0,0,0,
1160,60,76.0,9120,3,0,6,6,1974,1974,270.0,2,1.0,6.0,442,0,459,901,1.0,943,933,0,1876,0,0,2,1,4,1,2,8,1,1974.0,1.0,2,540,0,69,0,0,0,0,0,7,2008,0,0,0,1,0,0,1,0,0,0,0,0,0,0,1,0,0,0,0,0,0,0,0,0,0,0,0,0,0,0,0,1,0,0,0,0,0,0,0,0,0,0,
230,120,43.0,3182,3,0,7,5,2005,2006,16.0,2,2.0,7.0,16,0,1357,1373,3.0,1555,0,0,1555,0,0,2,0,2,1,2,7,1,2005.0,2.0,2,430,143,20,0,0,0,0,0,5,2009,0,0,0,1,0,0,0,1,0,0,0,0,1,0,0,0,0,1,0,0,0,0,0,0,0,0,0,0,0,0,0,0,0,0,0,0,0,0,0,0,0,0,
576,50,80.0,8480,3,0,5,5,1947,1950,0.0,1,1.0,4.0,442,0,390,832,1.0,832,384,0,1216,0,0,1,0,2,1,1,6,0,1947.0,0.0,1,336,158,0,102,0,0,0,0,10,2008,0,0,0,1,0,0,1,0,0,0,1,0,0,0,0,0,0,0,0,0,0,0,0,0,0,0,0,0,0,1,0,0,0,0,0,0,0,0,0,0,0,0,
412,190,100.0,34650,3,1,5,5,1955,1955,0.0,1,1.0,4.0,1056,0,0,1056,1.0,1056,0,0,1056,1,0,1,0,3,1,1,5,0,1955.0,2.0,2,572,264,0,0,0,0,0,0,1,2006,0,0,0,1,0,0,1,0,0,0,0,0,1,0,0,0,0,0,0,0,0,0,0,0,0,1,0,0,0,0,0,0,0,0,0,0,0,0,0,0,0,0,
702,20,80.0,9600,3,0,7,5,1969,1969,168.0,1,1.0,1.0,0,0,1164,1164,1.0,1164,0,0,1164,0,0,1,1,3,1,1,6,0,1969.0,0.0,2,528,0,0,0,0,0,0,0,7,2006,0,0,0,1,0,0,1,0,0,0,0,0,1,0,0,0,0,0,0,0,0,0,0,0,0,0,0,0,0,0,0,1,0,0,0,0,0,0,0,0,0,0,
603,60,80.0,10041,2,0,8,5,1992,1992,0.0,2,2.0,7.0,789,0,119,908,3.0,927,988,0,1915,1,0,2,1,3,1,2,8,1,1992.0,2.0,2,506,120,150,0,0,0,0,0,2,2006,0,0,0,1,0,0,0,1,0,0,0,0,0,0,1,0,0,0,0,0,0,0,0,0,0,0,0,0,0,0,0,0,0,0,0,0,0,1,0,0,0,0,
1429,30,60.0,7200,3,0,5,7,1940,1992,294.0,1,1.0,5.0,510,0,278,788,1.0,804,0,0,804,1,0,1,0,2,1,2,4,2,1940.0,0.0,1,240,0,0,154,0,0,0,0,2,2010,0,0,0,0,1,0,1,0,0,0,0,0,1,0,0,0,0,0,0,0,0,0,0,0,0,0,0,0,0,0,0,0,0,0,1,0,0,0,0,0,0,0,
438,45,50.0,6000,3,0,6,7,1926,2004,0.0,2,1.0,1.0,0,0,884,884,2.0,904,0,0,904,0,0,1,0,2,1,1,4,0,1926.0,0.0,1,180,0,0,105,0,0,0,0,1,2009,0,0,0,0,1,0,0,1,0,0,0,1,0,0,0,0,0,0,0,0,1,0,0,0,0,0,0,0,0,0,0,0,0,0,0,0,0,0,0,0,0,0,
580,50,81.0,12150,3,0,5,5,1954,1954,335.0,1,1.0,1.0,0,0,1050,1050,3.0,1050,745,0,1795,0,0,2,0,4,1,1,7,0,1954.0,0.0,1,352,0,0,0,0,0,0,0,11,2008,0,0,0,0,1,1,0,0,0,0,1,0,0,0,0,0,0,0,0,0,0,0,0,0,0,0,0,0,0,0,0,0,0,0,1,0,0,0,0,0,0,0,
662,60,52.0,46589,1,0,8,7,1994,2005,528.0,2,2.0,7.0,1361,180,88,1629,3.0,1686,762,0,2448,1,0,2,1,4,1,2,8,1,1994.0,1.0,3,711,517,76,0,0,0,0,0,7,2009,0,0,0,1,0,0,0,1,0,0,0,0,0,0,1,0,0,0,0,0,0,0,0,0,0,0,0,0,0,0,0,0,1,0,0,0,0,0,0,0,0,0,
1229,120,65.0,8769,3,0,9,5,2008,2008,766.0,3,3.0,7.0,1540,0,162,1702,3.0,1702,0,0,1702,1,0,1,1,1,1,3,7,1,2008.0,2.0,3,1052,0,72,0,0,224,0,0,10,2008,0,0,0,1,0,0,0,1,0,0,0,0,1,0,0,0,0,0,0,0,0,0,0,0,0,0,0,0,0,0,0,0,0,1,0,0,0,0,0,0,0,0,
944,90,100.0,25000,3,-1,5,4,1967,1967,0.0,1,1.0,1.0,0,0,1632,1632,1.0,1632,0,0,1632,0,0,2,0,4,2,1,8,0,1967.0,0.0,2,576,0,0,0,0,0,0,0,6,2007,0,0,0,1,0,0,1,0,0,0,0,0,1,0,0,0,0,0,0,0,0,0,0,0,0,0,0,0,1,0,0,0,0,0,0,0,0,0,0,0,0,0,
1177,20,37.0,6951,2,0,5,5,1984,1985,0.0,1,1.0,6.0,658,0,218,876,1.0,923,0,0,923,1,0,1,0,3,1,1,5,0,1984.0,0.0,1,264,362,0,0,0,0,0,0,10,2008,0,0,0,1,0,0,1,0,0,0,0,0,1,0,0,0,0,0,0,0,0,0,0,0,0,0,0,0,1,0,0,0,0,0,0,0,0,0,0,0,0,0,
259,60,80.0,12435,3,0,7,5,2001,2001,172.0,2,2.0,7.0,361,0,602,963,3.0,963,829,0,1792,0,0,2,1,3,1,2,7,1,2001.0,1.0,2,564,0,96,0,245,0,0,0,5,2008,0,0,0,1,0,0,0,1,0,0,0,0,0,0,1,0,0,0,0,0,0,0,1,0,0,0,0,0,0,0,0,0,0,0,0,0,0,0,0,0,0,0,
767,60,80.0,10421,3,0,7,5,1988,1988,42.0,1,2.0,7.0,394,0,586,980,1.0,980,734,0,1714,0,0,2,1,3,1,1,7,1,1988.0,0.0,2,496,228,66,156,0,0,0,500,3,2010,0,0,0,1,0,0,1,0,0,0,0,0,0,0,1,0,0,0,0,0,0,0,0,0,0,0,0,0,0,0,0,1,0,0,0,0,0,0,0,0,0,0,
1107,20,114.0,10357,2,0,7,5,1990,1991,0.0,2,2.0,7.0,738,0,172,910,2.0,1442,0,0,1442,1,0,2,0,3,1,2,6,1,1990.0,2.0,2,719,0,244,0,0,0,0,0,5,2007,0,0,0,1,0,0,0,1,0,0,0,0,1,0,0,0,0,0,0,0,0,0,0,0,0,0,0,0,0,0,0,0,0,0,0,0,0,1,0,0,0,0,
1188,20,89.0,12461,3,0,8,5,1994,1995,0.0,2,2.0,7.0,1456,0,168,1624,3.0,1624,0,0,1624,1,0,2,0,2,1,2,5,1,1994.0,1.0,3,757,0,114,192,0,0,0,0,7,2006,0,0,0,1,0,0,0,1,0,0,0,0,1,0,0,0,0,0,0,0,0,0,0,0,0,0,0,0,0,0,0,0,1,0,0,0,0,0,0,0,0,0,
